"Column","Type","Size","Nulls","Auto","Default","Children","Parents","Comments"
"batiment_groupe_id","varchar","22","√","","null","","","Identifiant du groupe de bâtiment au sens de la BDNB"
"code_departement_insee","varchar","2","√","","null","","","Code département INSEE"
"parcelle_unifiee_id","varchar","22","√","","null","","","Identifiant de la parcelle unifiée, au sens du Cerema"
"s_geom_groupe","int4","10","√","","null","","","Surface au sol de la géométrie du bâtiment groupe (geom_groupe)"
"code_iris","varchar","9","√","","null","","","Code iris INSEE"
"code_commune_insee","varchar","5","√","","null","","",""
"libelle_commune_insee","text","2147483647","√","","null","","","(insee) Libellé de la commune accueillant le groupe de bâtiment"
"code_epci_insee","text","2147483647","√","","null","","","Code de l’EPCI"
"contient_fictive_geom_groupe","bool","1","√","","null","","","Vaut “vrai”, si la géométrie du groupe de bâtiment est générée automatiquement et ne représente pas la géométrie du groupe de bâtiment."
"geom_groupe","geometry","2147483647","√","","null","","","Géométrie multipolygonale du groupe de bâtiment (Lambert-93)"
"cle_interop_adr_principale_ban","text","2147483647","√","","null","","","Clé d’interopérabilité de l’adresse principale (issue de la BAN)"
"cle_interop_adr_principale","text","2147483647","√","","null","","","clé d’interopérabilité de l’adresse principale"
"libelle_adr_principale_ban","text","2147483647","√","","null","","","Libellé complet de l’adresse principale (issue de la BAN)"
"libelle_adr_principale","text","2147483647","√","","null","","","libellé complet de l’adresse principale"
"nb_adresse","int4","10","√","","null","","","Nombre d’adresses"
"nb_adresse_valid","int4","10","√","","null","","","DEPRECIEE Nombre d’adresses valides différentes qui desservent le groupe de bâtiment"
"nb_adresse_valid_ban","int4","10","√","","null","","","Nombre d’adresses valides différentes provenant de la BAN qui desservent le groupe de bâtiment"
"fiabilite_cr_adr_niv_1","text","2147483647","√","","null","","","Fiabilité des données croisées à l’adresse (‘données croisées à l’adresse fiables’, ‘données croisées à l’adresse fiables à l’echelle de la parcelle unifiee’, ‘données croisées à l’adresse moyennement fiables’, ‘problème de géocodage’)"
"fiabilite_cr_adr_niv_2","text","2147483647","√","","null","","","Fiabilité détaillée des données croisées à l’adresse"
"dle_elec_conso_res_par_m2","numeric","17,3","√","","null","","","consommation electrique résidentielle ramené au m² (en surface résidentielle) kWh/m².an"
"dle_elec_conso_pro_par_m2","numeric","17,3","√","","null","","","consommation electrique professionnelle ramené au m² (en surface résidentielle) kWh/m².an"
"dle_elec_conso_tot_par_m2","numeric","17,3","√","","null","","","consommation electrique totale ramené au m² (en surface résidentielle) kWh/m².an"
"dle_gaz_conso_res_par_m2","numeric","17,3","√","","null","","","consommation gaz résidentielle ramené au m² (en surface résidentielle) kWh/m².an"
"dle_gaz_conso_pro_par_m2","numeric","17,3","√","","null","","","consommation gaz professionnelle ramené au m² (en surface résidentielle) kWh/m².an"
"dle_gaz_conso_tot_par_m2","numeric","17,3","√","","null","","","consommation gaz totale ramené au m² (en surface résidentielle) kWh/m².an"
"dle_reseau_conso_res_par_m2","numeric","17,3","√","","null","","","consommation RC résidentielle ramenée au m² (en surface résidentielle) kWh/m².an"
"dle_reseau_conso_pro_par_m2","numeric","17,3","√","","null","","","consommation RC professionnelle ramenée au m² (en surface résidentielle) kWh/m².an"
"dle_reseau_conso_tot_par_m2","numeric","17,3","√","","null","","","consommation RC totale ramenée au m² (en surface résidentielle) kWh/m².an"
"enethermo_conso_ener_res_par_m2","numeric","17,3","√","","null","","","(enethermo-ffo) consommation electrique résidentielle ramené au m² (en surface résidentielle) kWh/m².an"
"enethermo_conso_thermo_res_par_m2","numeric","17,3","√","","null","","","consommation thermosensibilité résidentielle ramené au m² (en surface résidentielle) kWh/m².an"
"fiabilite_emprise_sol","varchar","7","√","","null","","","Fiabilité de l’emprise au sol du bâtiment"
"fiabilite_hauteur","varchar","7","√","","null","","","Fiabilité de la hauteur du bâtiment"
"fiabilite_adresse","varchar","7","√","","null","","","Fiabilité des adresses du bâtiment : “vrai” si les Fichiers Fonciers et BDTOpo partagent au moins une même adresse BAN"
"croisement_geospx_reussi","bool","1","√","","null","","","le croisement géospatial entre la BDTOPO et les fichiers fonciers est considérée comme réussi"
"ffo_prop_personne_id_proprietaire_principal","text","2147483647","√","","null","","","(ffo:idpersonne) identifiant du proprietaire possédant la plus grande surface du bâtiment"
"ffo_prop_denomination_proprietaire_principal","text","2147483647","√","","null","","","(ffo:ddenom) identifiant du proprietaire possédant la plus grande surface du bâtiment"
"ffo_prop_groupe_proprietaire_principal","text","2147483647","√","","null","","","(ffo:ccogrmtxt) typologie du proprietaire principal (ETAT, DEPARTEMENT, OFFICE HLM …)"
"ffo_prop_nb_proprietaire","int4","10","√","","null","","","(ffo) Nombre de proprietaires differents qui possèdent des locaux dans le bâtiment"
"ffo_prop_nb_proprietaire_bailleur","int4","10","√","","null","","","(ffo) Nombre de proprietaires bailleurs sociaux differents qui possèdent des locaux dans le bâtiment"
"ffo_prop_nb_proprietaire_pm","int4","10","√","","null","","","(ffo) Nombre de propriétaires"
"ffo_prop_nb_gestionnaire","int4","10","√","","null","","","(ffo) nombre de gestionnaires différents dans le bâtiment"
"ffo_prop_nb_gestionaire_bailleur","int4","10","√","","null","","","(ffo) nombre de gestionnaires de types bailleur sociaux dans le bâtiment"
"ffo_prop_nb_gestionnaire_pm","int4","10","√","","null","","","(ffo) nombre de gestionnaires de types personne morale dans le bâtiment"
"simu_dpe_indecence_energetique_initial","numeric","0","√","","null","","","probabilité du bâtiment d’être en indécence énergétique dans son état initial"
"simu_dpe_indecence_energetique_renove","numeric","0","√","","null","","","probabilité du bâtiment d’être en indécence énergétique dans son état rénové (rénovation globale)"
"simu_dpe_volume_habitable","int4","10","√","","null","","","volume habitable du bâtiment m3"
"simu_dpe_volume_brut","int4","10","√","","null","","","Volume brut du bâtiment m3"
"simu_dpe_surface_facade_vitree","int4","10","√","","null","","","Estimation de la surface de façade vitrée m²"
"simu_dpe_surface_facade_totale","int4","10","√","","null","","","Estimation de la surface totale de façade (murs + baies) m²"
"simu_dpe_surface_facade_mitoyenne","int4","10","√","","null","","","Estimation de la surface de façade donnant sur un autre bâtiment m²"
"simu_dpe_surface_facade_ext","int4","10","√","","null","","","Estimation de la surface de façade donnant sur l’exterieur m²"
"simu_dpe_surface_enveloppe","int4","10","√","","null","","","Estimation de la surface de l’enveloppe m²"
"simu_dpe_surface_verticale","int4","10","√","","null","","","Estimation de la surface verticale du bâtiment m²"
"simu_dpe_surface_deperditive","int4","10","√","","null","","","Estimation de la surface déperditive du bâtiment m²"
"simu_dpe_surface_deperditive_verticale","int4","10","√","","null","","","Estimation de la surface déperditive verticale du bâtiment m²"
"simu_dpe_surface_toiture","int4","10","√","","null","","","Estimation de la surface de toiture du bâtiment m²"
"simu_dpe_sh","int4","10","√","","null","","","Estimation de la surface habitable du bâtiment m²"
"simu_dpe_compacite","int4","10","√","","null","","","Estimation de la compacité du bâtiment"
"simu_dpe_compacite_verticale","int4","10","√","","null","","","Estimation de la compacité verticale du bâtiment"
"simu_dpe_compacite_brute","int4","10","√","","null","","","Estimation de la compacité brute du bâtiment"
"simu_dpe_compacite_verticale_brute","int4","10","√","","null","","","Estimation de la compacité verticale brute du bâtiment"
"simu_dpe_correction_vertical","int4","10","√","","null","","","coefficient de correction des surfaces déperditives verticale pour le bâtiment"
"simu_dpe_correction_surface_horizontale","int4","10","√","","null","","","coefficient de correction des surfaces déperditives horizontales pour le bâtiment"
"simu_dpe_correction_plancher_bas_non_deperditif","int4","10","√","","null","","","Esttimation si le plancher_bas est déperditif"
"simu_dpe_ratio_volume_superstructure_defaut_volume_geom","int4","10","√","","null","","","Ratio entre le volume de la superstructure par défaut et le volume de la géométrie"
"simu_dpe_summer_solar_radiation","int4","10","√","","null","","","Estimation des radiations solaires d’été (kWh/m2/an)"
"simu_dpe_gisement_gain_conso_finale_total","int4","10","√","","null","","","Estimation du gisement de gain de consommation finale total"
"simu_dpe_gisement_gain_ges_mean","int4","10","√","","null","","","Estimation moyenne du gisement de gain sur les émissions de gaz à effets de serre"
"simu_dpe_gisement_gain_energetique_mean","int4","10","√","","null","","","Estimation du gain énergétique moyen"
"simu_dpe_etat_initial_consommation_energie_estim_inc","int4","10","√","","null","","","Incertitude des estimations de consommation énergétique finale avant rénovation kWh/m2/an"
"simu_dpe_etat_initial_consommation_energie_estim_lower","int4","10","√","","null","","","Estimation basse de la consommation énergétique finale avant rénovation kWh/m2/an"
"simu_dpe_etat_initial_consommation_energie_estim_mean","int4","10","√","","null","","","Estimation moyenne de la consommation énergétique finale avant rénovation kWh/m2/an"
"simu_dpe_etat_initial_consommation_energie_estim_upper","int4","10","√","","null","","","Estimation haute de la consommation énergétique finale avant rénovation kWh/m2/an"
"simu_dpe_etat_initial_consommation_energie_primaire_estim_lower","int4","10","√","","null","","","Estimation basse de la consommation énergétique primaire avant rénovation kWh/m2/an"
"simu_dpe_etat_initial_consommation_energie_primaire_estim_mean","int4","10","√","","null","","","Estimation moyenne de la consommation énergétique primaire avant rénovation kWh/m2/an"
"simu_dpe_etat_initial_consommation_energie_primaire_estim_upper","int4","10","√","","null","","","Estimation haute de la consommation énergétique primaire avant rénovation kWh/m2/an"
"simu_dpe_etat_initial_consommation_ges_estim_inc","int4","10","√","","null","","","Incertitude sur l’estimation de consommation de GES avant rénovation kgeqC02/m2/an"
"simu_dpe_etat_initial_ges_estim_lower","int4","10","√","","null","","","Estimation basse de la consommation de GES avant rénovation kgeqC02/m2/an"
"simu_dpe_etat_initial_ges_estim_mean","int4","10","√","","null","","","Estimation moyenne de la consommation de GES avant rénovation kgeqC02/m2/an"
"simu_dpe_etat_initial_ges_estim_upper","int4","10","√","","null","","","Estimation haute de la consommation de GES avant rénovation kgeqC02/m2/an"
"simu_dpe_etat_initial_risque_canicule","int4","10","√","","null","","","Estimation du risque canicule avant rénovation 1-5"
"simu_dpe_etat_initial_risque_canicule_inc","int4","10","√","","null","","","Incertitude de l’estimation du risque canicule avant rénovation 1-5"
"simu_dpe_etat_renove_consommation_energie_estim_inc","int4","10","√","","null","","","Incertitude sur les estimations des consommations énergétiques finales après un scénario de rénovation globale “standard” (isolation des principaux composants d’enveloppe et changement de système énergétique de chauffage)  kWh/m2/an"
"simu_dpe_etat_renove_consommation_energie_estim_lower","int4","10","√","","null","","","Estimation basse de la consommation énergétique finale après un scénario de rénovation globale “standard” (isolation des principaux composants d’enveloppe et changement de système énergétique de chauffage)  kWh/m2/an"
"simu_dpe_etat_renove_consommation_energie_estim_mean","int4","10","√","","null","","","Estimation moyenne de la consommation énergétique finale après un scénario de rénovation globale “standard” (isolation des principaux composants d’enveloppe et changement de système énergétique de chauffage)  kWh/m2/an"
"simu_dpe_etat_renove_consommation_energie_estim_upper","int4","10","√","","null","","","Estimation haute de la consommation énergétique finale après un scénario de rénovation globale “standard” (isolation des principaux composants d’enveloppe et changement de système énergétique de chauffage)  kWh/m2/an"
"simu_dpe_etat_renove_consommation_energie_primaire_estim_lower","int4","10","√","","null","","","Estimation basse de la consommation d’énergie primaire après un scénario de rénovation globale “standard” (isolation des principaux composants d’enveloppe et changement de système énergétique de chauffage)  kWh/m2/an"
"simu_dpe_etat_renove_consommation_energie_primaire_estim_mean","int4","10","√","","null","","","Estimation moyenne de la consommation d’énergie primaire après un scénario de rénovation globale “standard” (isolation des principaux composants d’enveloppe et changement de système énergétique de chauffage)  kWh/m2/an"
"simu_dpe_etat_renove_consommation_energie_primaire_estim_upper","int4","10","√","","null","","","Estimation haute de la consommation d’énergie primaire après un scénario de rénovation globale “standard” (isolation des principaux composants d’enveloppe et changement de système énergétique de chauffage)  kWh/m2/an"
"simu_dpe_etat_renove_consommation_ges_estim_inc","int4","10","√","","null","","","Incertitude sur l’estimation de consommation de GES après un scénario de rénovation globale “standard” (isolation des principaux composants d’enveloppe et changement de système énergétique de chauffage)  kgeqC02/m2/an"
"simu_dpe_etat_renove_ges_estim_lower","int4","10","√","","null","","","Estimation basse des émissions de GES après un scénario de rénovation globale “standard” (isolation des principaux composants d’enveloppe et changement de système énergétique de chauffage)  kWh/m2/an"
"simu_dpe_etat_renove_ges_estim_mean","int4","10","√","","null","","","Estimation moyenne des émissions de GES après un scénario de rénovation globale “standard” (isolation des principaux composants d’enveloppe et changement de système énergétique de chauffage)  kWh/m2/an"
"simu_dpe_etat_renove_ges_estim_upper","int4","10","√","","null","","","Estimation haute des émissions de GES après un scénario de rénovation globale “standard” (isolation des principaux composants d’enveloppe et changement de système énergétique de chauffage)  kWh/m2/an"
"simu_dpe_etat_renove_risque_canicule","int4","10","√","","null","","","Estimation du risque canicule après rénovation 1-5"
"simu_dpe_etat_renove_risque_canicule_inc","int4","10","√","","null","","","Incertitude de l’estimation du risque canicule après rénovation 1-5"
"simu_dpe_etiquette_dpe_initial_a","float4","8,8","√","","null","","","Estimation de la probabilité d’avoir des logements d’étiquette A dans le bâtiment pour l’état actuel du bâtiment"
"simu_dpe_etiquette_dpe_initial_b","float4","8,8","√","","null","","","Estimation de la probabilité d’avoir des logements d’étiquette B dans le bâtiment pour l’état actuel du bâtiment"
"simu_dpe_etiquette_dpe_initial_c","float4","8,8","√","","null","","","Estimation de la probabilité d’avoir des logements d’étiquette C dans le bâtiment pour l’état actuel du bâtiment"
"simu_dpe_etiquette_dpe_initial_d","float4","8,8","√","","null","","","Estimation de la probabilité d’avoir des logements d’étiquette D dans le bâtiment pour l’état actuel du bâtiment"
"simu_dpe_etiquette_dpe_initial_e","float4","8,8","√","","null","","","Estimation de la probabilité d’avoir des logements d’étiquette E dans le bâtiment pour l’état actuel du bâtiment"
"simu_dpe_etiquette_dpe_initial_f","float4","8,8","√","","null","","","Estimation de la probabilité d’avoir des logements d’étiquette F dans le bâtiment pour l’état actuel du bâtiment"
"simu_dpe_etiquette_dpe_initial_g","float4","8,8","√","","null","","","Estimation de la probabilité d’avoir des logements d’étiquette G dans le bâtiment pour l’état actuel du bâtiment"
"simu_dpe_etiquette_dpe_initial_error","float4","8,8","√","","null","","","Erreur sur la simulation de DPE pour l’état actuel du bâtiment"
"simu_dpe_etiquette_dpe_initial_map","varchar","1","√","","null","","","Etiquette ayant la plus grande probabilité pour l’état actuel du bâtiment"
"simu_dpe_etiquette_dpe_initial_map_2nd","varchar","3","√","","null","","","2 étiquettes ayant la plus grande probabilité pour l’état actuel du bâtiment. Si le champs vaut F-G alors F la première étiquette est l’étiquette la plus probable , G la seconde étiquette la plus probable."
"simu_dpe_etiquette_dpe_initial_map_prob","float4","8,8","√","","null","","","Probabilité que le bâtiment ait une étiquette DPE égale à l’étiquette ayant la plus grande probabilité pour l’état actuel du bâtiment. C’est la probabilité d’avoir pour ce bâtiment l’étiquette etiquette_dpe_initial_map. Si etiquette_dpe_initial_map = F et que etiquette_dpe_initial_map_prob = 0.64 alors il y a 64% de chance que l’étiquette DPE de ce bâtiment soit classé F"
"simu_dpe_etiquette_dpe_initial_map_2nd_prob","float4","8,8","√","","null","","","Probabilité que le bâtiment ait une étiquette DPE parmi les 2 étiquettes ayant la plus grande probabilité pour l’état actuel du bâtiment. Si etiquette_dpe_initial_map_2nd = F-G et que etiquette_dpe_initial_map_2nd_prob = 0.95 alors il y a 95% de chance que l’étiquette DPE de ce bâtiment soit classé F ou G."
"simu_dpe_etiquette_dpe_initial_inc","float4","8,8","√","","null","","","Classe d’incertitude de classe sur l’étiquette dpe avec la plus grande probabilité avant rénovation 1 à 5. Cet indicateur se lit de 1 = peu fiable à 5 = fiable."
"simu_dpe_etiquette_dpe_renove_a","float4","8,8","√","","null","","","Estimation de la probabilité d’avoir des logements d’étiquette A dans le bâtiment après un scénario de rénovation globale “standard” (isolation des principaux composants d’enveloppe et changement de système énergétique de chauffage)"
"simu_dpe_etiquette_dpe_renove_b","float4","8,8","√","","null","","","Estimation de la probabilité d’avoir des logements d’étiquette B dans le bâtiment après un scénario de rénovation globale “standard” (isolation des principaux composants d’enveloppe et changement de système énergétique de chauffage)"
"simu_dpe_etiquette_dpe_renove_c","float4","8,8","√","","null","","","Estimation de la probabilité d’avoir des logements d’étiquette C dans le bâtiment après un scénario de rénovation globale “standard” (isolation des principaux composants d’enveloppe et changement de système énergétique de chauffage)"
"simu_dpe_etiquette_dpe_renove_d","float4","8,8","√","","null","","","Estimation de la probabilité d’avoir des logements d’étiquette D dans le bâtiment après un scénario de rénovation globale “standard” (isolation des principaux composants d’enveloppe et changement de système énergétique de chauffage)"
"simu_dpe_etiquette_dpe_renove_e","float4","8,8","√","","null","","","Estimation de la probabilité d’avoir des logements d’étiquette E dans le bâtiment après un scénario de rénovation globale “standard” (isolation des principaux composants d’enveloppe et changement de système énergétique de chauffage)"
"simu_dpe_etiquette_dpe_renove_f","float4","8,8","√","","null","","","Estimation de la probabilité d’avoir des logements d’étiquette F dans le bâtiment après un scénario de rénovation globale “standard” (isolation des principaux composants d’enveloppe et changement de système énergétique de chauffage)"
"simu_dpe_etiquette_dpe_renove_g","float4","8,8","√","","null","","","Estimation de la probabilité d’avoir des logements d’étiquette G dans le bâtiment après un scénario de rénovation globale “standard” (isolation des principaux composants d’enveloppe et changement de système énergétique de chauffage)"
"simu_dpe_etiquette_dpe_renove_error","float4","8,8","√","","null","","","Erreur sur la simulation de DPE avant rénovation"
"simu_dpe_etiquette_dpe_renove_map","varchar","1","√","","null","","","Etiquette ayant la plus grande probabilité après un scénario de rénovation globale “standard” (isolation des principaux composants d’enveloppe et changement de système énergétique de chauffage)"
"simu_dpe_etiquette_dpe_renove_map_2nd","varchar","3","√","","null","","","2 étiquettes ayant la plus grande probabilité après un scénario de rénovation globale “standard” (isolation des principaux composants d’enveloppe et changement de système énergétique de chauffage)"
"simu_dpe_etiquette_dpe_renove_map_prob","float4","8,8","√","","null","","","Probabilité que le bâtiment ait une étiquette DPE égale à l’étiquette ayant la plus grande probabilité après un scénario de rénovation globale “standard” (isolation des principaux composants d’enveloppe et changement de système énergétique de chauffage)"
"simu_dpe_etiquette_dpe_renove_map_2nd_prob","float4","8,8","√","","null","","","Probabilité que le bâtiment ait une étiquette DPE parmi les 2 étiquettes ayant la plus grande probabilité après un scénario de rénovation globale “standard” (isolation des principaux composants d’enveloppe et changement de système énergétique de chauffage)"
"simu_dpe_etiquette_dpe_renove_inc","float4","8,8","√","","null","","","Incertitude de classe sur l’étiquette dpe avec la plus grande probabilité après un scénario de rénovation globale “standard” (isolation des principaux composants d’enveloppe et changement de système énergétique de chauffage)  1-5"
"simu_dvf_usage_niveau_1_txt","text","2147483647","√","","null","","","indicateurs d’usage simplifié du bâtiment (verbose)"
"simu_dvf_valeur_fonciere_etat_initial_estim_lower","float8","17,17","√","","null","","","Estimation basse de la valeur fonciere avant renovation €/m²"
"simu_dvf_valeur_fonciere_etat_initial_estim_mean","float8","17,17","√","","null","","","Estimation moyenne de la valeur fonciere avant renovation €/m²"
"simu_dvf_valeur_fonciere_etat_initial_estim_upper","float8","17,17","√","","null","","","Estimation haute de la valeur fonciere avant renovation €/m²"
"simu_dvf_valeur_fonciere_etat_initial_incertitude","text","2147483647","√","","null","","","incertitude de l’estimation de la valeur fonciere avant renovation"
"simu_dvf_valeur_fonciere_etat_renove_estim_lower","float8","17,17","√","","null","","","Estimation basse de la valeur fonciere apres renovation €/m²"
"simu_dvf_valeur_fonciere_etat_renove_estim_mean","float8","17,17","√","","null","","","Estimation moyenne de la valeur fonciere apres renovation €/m²"
"simu_dvf_valeur_fonciere_etat_renove_estim_upper","float8","17,17","√","","null","","","Estimation haute de la valeur fonciere apres renovation €/m²"
"simu_dvf_valeur_fonciere_etat_renove_incertitude","text","2147483647","√","","null","","","incertitude de l’estimation de la valeur fonciere apres renovation"
"simu_dvf_classe_dpe_conso_initial","text","2147483647","√","","null","","","classe dpe a l’echelle bâtiment predit dans son etat initial"
"simu_dvf_classe_dpe_conso_renove","text","2147483647","√","","null","","","classe dpe a l’echelle bâtiment predit dans son etat renove"
"simu_dvf_r2","float8","17,17","√","","null","","","r2 du modele de simulation"
"simu_dvf_difference_abs_valeur_fonciere_etat_initial_renove","float8","17,17","√","","null","","","difference absolue entre la valeur foncière avant et apres renovation €/m²"
"simu_dvf_difference_rel_valeur_fonciere_etat_initial_renove","float8","17,17","√","","null","","","difference relative de valeur fonciere avant et apres renovation"
"simu_dvf_difference_rel_valeur_fonciere_etat_initial_renove_cat","text","2147483647","√","","null","","",""
"simu_dvf_difference_rel_valeur_fonciere_initial_mean_iris","float8","17,17","√","","null","","","difference relative de la valeur fonciere avant renovation par rapport à la moyenne à l’iris predite sans renovation"
"simu_dvf_difference_rel_valeur_fonciere_renove_mean_iris","float8","17,17","√","","null","","","difference relative de la valeur fonciere apres renovation par rapport à la moyenne à l’iris predite sans renovation"
"simu_valeur_verte_renovation","numeric","0","√","","null","","","(simulations) gain en % de la valeur immobilière lorsqu’on simule une rénovation"
"simu_valeur_verte_gain_classe_b_vers_a","numeric","0","√","","null","","","(simulations) gain en % de la valeur immobilière lorsqu’on simule le changement de DPE B vers A"
"simu_valeur_verte_gain_classe_c_vers_a","numeric","0","√","","null","","","(simulations) gain en % de la valeur immobilière lorsqu’on simule le changement de DPE C vers A"
"simu_valeur_verte_gain_classe_c_vers_b","numeric","0","√","","null","","","(simulations) gain en % de la valeur immobilière lorsqu’on simule le changement de DPE C vers B"
"simu_valeur_verte_gain_classe_d_vers_a","numeric","0","√","","null","","","(simulations) gain en % de la valeur immobilière lorsqu’on simule le changement de DPE D vers A"
"simu_valeur_verte_gain_classe_d_vers_b","numeric","0","√","","null","","","(simulations) gain en % de la valeur immobilière lorsqu’on simule le changement de DPE D vers B"
"simu_valeur_verte_gain_classe_d_vers_c","numeric","0","√","","null","","","(simulations) gain en % de la valeur immobilière lorsqu’on simule le changement de DPE D vers C"
"simu_valeur_verte_gain_classe_e_vers_a","numeric","0","√","","null","","","(simulations) gain en % de la valeur immobilière lorsqu’on simule le changement de DPE E vers A"
"simu_valeur_verte_gain_classe_e_vers_b","numeric","0","√","","null","","","(simulations) gain en % de la valeur immobilière lorsqu’on simule le changement de DPE E vers B"
"simu_valeur_verte_gain_classe_e_vers_c","numeric","0","√","","null","","","(simulations) gain en % de la valeur immobilière lorsqu’on simule le changement de DPE E vers C"
"simu_valeur_verte_gain_classe_e_vers_d","numeric","0","√","","null","","","(simulations) gain en % de la valeur immobilière lorsqu’on simule le changement de DPE E vers D"
"simu_valeur_verte_gain_classe_f_vers_a","numeric","0","√","","null","","","(simulations) gain en % de la valeur immobilière lorsqu’on simule le changement de DPE F vers A"
"simu_valeur_verte_gain_classe_f_vers_b","numeric","0","√","","null","","","(simulations) gain en % de la valeur immobilière lorsqu’on simule le changement de DPE F vers B"
"simu_valeur_verte_gain_classe_f_vers_c","numeric","0","√","","null","","","(simulations) gain en % de la valeur immobilière lorsqu’on simule le changement de DPE F vers C"
"simu_valeur_verte_gain_classe_f_vers_d","numeric","0","√","","null","","","(simulations) gain en % de la valeur immobilière lorsqu’on simule le changement de DPE F vers D"
"simu_valeur_verte_gain_classe_f_vers_e","numeric","0","√","","null","","","(simulations) gain en % de la valeur immobilière lorsqu’on simule le changement de DPE F vers E"
"simu_valeur_verte_gain_classe_g_vers_a","numeric","0","√","","null","","","(simulations) gain en % de la valeur immobilière lorsqu’on simule le changement de DPE G vers A"
"simu_valeur_verte_gain_classe_g_vers_b","numeric","0","√","","null","","","(simulations) gain en % de la valeur immobilière lorsqu’on simule le changement de DPE G vers B"
"simu_valeur_verte_gain_classe_g_vers_c","numeric","0","√","","null","","","(simulations) gain en % de la valeur immobilière lorsqu’on simule le changement de DPE G vers C"
"simu_valeur_verte_gain_classe_g_vers_d","numeric","0","√","","null","","","(simulations) gain en % de la valeur immobilière lorsqu’on simule le changement de DPE G vers D"
"simu_valeur_verte_gain_classe_g_vers_e","numeric","0","√","","null","","","(simulations) gain en % de la valeur immobilière lorsqu’on simule le changement de DPE G vers E"
"simu_valeur_verte_gain_classe_g_vers_f","numeric","0","√","","null","","","(simulations) gain en % de la valeur immobilière lorsqu’on simule le changement de DPE G vers F"
"enveloppe_source_information_principale","text","2147483647","√","","null","","","base de données source principale d’où est tirée directement les informations sur les systèmes énergétiques du bâtiment. (pour l’instant pas de combinaisons de sources voir méthodo)"
"enveloppe_score_fiabilite","int4","10","√","","null","","","score de fiabilité attribué aux informations affichées. En fonction de la source principale et du recoupement des informations de plusieurs sources le score peut être plus ou moins élevé. Le score maximal de confiance est de 10, le score minimal de 1. des informations recoupées par plusieurs sources ont un score de confiance plus élevé que des informations fournies par une unique source (voir méthodo)"
"enveloppe_type_batiment_dpe","text","2147483647","√","","null","","","défini si le DPE a été établi pour une maison, un appartement ou un immeuble entier. Cette colonne est renseignée uniquement si la source d’information est un DPE."
"enveloppe_type_vitrage","text","2147483647","√","","null","","","type de vitrage principal des baies vitrées du DPE"
"enveloppe_type_materiaux_menuiserie","text","2147483647","√","","null","","","type de matériaux principal des menuiseries des baies vitrées du DPE"
"enveloppe_type_gaz_lame","text","2147483647","√","","null","","","type de gaz injecté principalement dans la lame entre les vitrages des baies vitrées du DPE (double vitrage ou triple vitrage uniquement)"
"enveloppe_type_fermeture","text","2147483647","√","","null","","","type de fermeture principale installée sur les baies vitrées du DPE (volet,persienne etc..)"
"enveloppe_epaisseur_lame","int2","5","√","","null","","","epaisseur principale de la lame de gaz entre vitrages pour les baies vitrées du DPE."
"enveloppe_vitrage_vir","bool","1","√","","null","","","le vitrage a été traité avec un traitement à isolation renforcé ce qui le rend plus performant d’un point de vue thermique."
"enveloppe_traversant","text","2147483647","√","","null","","","indicateur du côté traversant du logement."
"enveloppe_u_baie_vitree","numeric","0","√","","null","","","Coefficient de transmission thermique moyen des baies vitrées en incluant le calcul de la résistance additionelle des fermetures (calcul Ujn) (W/m²/K)"
"enveloppe_uw","numeric","0","√","","null","","","Coefficient de transmission thermique moyen des baies vitrées sans prise en compte des fermeture (W/m²/K)"
"enveloppe_facteur_solaire_baie_vitree","numeric","0","√","","null","","","facteur de transmission du flux solaire par la baie vitrée. coefficient entre 0 et 1"
"enveloppe_presence_balcon","bool","1","√","","null","","","présence de balcons identifiés par analyse des coefficients de masques solaires du DPE."
"enveloppe_l_orientation_baie_vitree","_text","2147483647","√","","null","","","liste des orientations des baies vitrées (enum version BDNB)"
"enveloppe_pourcentage_surface_baie_vitree_exterieur","numeric","0","√","","null","","","pourcentage de surface de baies vitrées sur les murs extérieurs"
"enveloppe_type_isolation_mur_exterieur","text","2147483647","√","","null","","","type d’isolation principal des murs donnant sur l’extérieur pour le DPE"
"enveloppe_epaisseur_isolation_mur_exterieur_estim","int4","10","√","","null","","","epaisseur d’isolation moyenne des murs extérieurs estimée à partir de la différence entre le U de mur et le U de mur nu. Dans le cas d’une épaisseur déclarée c’est directement l’épaisseur déclarée qui est considérée, dans le cas contraire l’épaisseur est estimée aussi pour les U conventionels de la méthode 3CL DPE."
"enveloppe_materiaux_structure_mur_exterieur","text","2147483647","√","","null","","","matériaux ou principe constructif principal utilisé pour les murs extérieurs (enum version BDNB)"
"enveloppe_materiaux_structure_mur_exterieur_simplifie","text","2147483647","√","","null","","","materiaux principal utilié pour les murs extérieur simplifié. Cette information peut être récupérée de différentes sources (Fichiers Fonciers ou DPE pour le moment)"
"enveloppe_epaisseur_structure_mur_exterieur","text","2147483647","√","","null","","","epaisseur moyenne de la partie structure du mur (sans l’isolation rapportée ni les doublages)"
"enveloppe_u_mur_exterieur","numeric","0","√","","null","","","Coefficient de transmission thermique moyen des murs extérieurs (W/m²/K)"
"enveloppe_l_local_non_chauffe_mur","_text","2147483647","√","","null","","","liste des locaux non chauffés en contact avec les murs (enum DPE 2021)"
"enveloppe_local_non_chauffe_principal_mur","text","2147483647","√","","null","","","liste des locaux non chauffés en contact avec les murs (enum DPE 2021)"
"enveloppe_l_orientation_mur_exterieur","_text","2147483647","√","","null","","","liste des orientations des murs donnant sur l’extérieur (enum version BDNB)"
"enveloppe_type_isolation_plancher_bas","text","2147483647","√","","null","","","type d’isolation principal des planchers bas déperditifs pour le DPE"
"enveloppe_type_plancher_bas_deperditif","text","2147483647","√","","null","","","materiaux ou principe constructif principal des planchers bas"
"enveloppe_u_plancher_bas_final_deperditif","numeric","0","√","","null","","","Coefficient de transmission thermique moyen des planchers bas en prenant en compte l’atténuation forfaitaire du U lorsqu’en contact avec le sol de la méthode 3CL(W/m²/K)"
"enveloppe_u_plancher_bas_brut_deperditif","numeric","0","√","","null","","","Coefficient de transmission thermique moyen des planchers bas brut."
"enveloppe_l_local_non_chauffe_plancher_bas","_text","2147483647","√","","null","","","liste des locaux non chauffés en contact avec les planchers bas (enum DPE 2021)"
"enveloppe_local_non_chauffe_principal_plancher_bas","text","2147483647","√","","null","","","liste des locaux non chauffés en contact avec les planchers bas (enum DPE 2021)"
"enveloppe_type_adjacence_principal_plancher_bas","text","2147483647","√","","null","","","type d’adjacence principale des planchers bas (sont ils en contact avec l’extérieur ou un local non chauffé)"
"enveloppe_type_isolation_plancher_haut","text","2147483647","√","","null","","","type d’isolation principal des planchers hauts déperditifs pour le DPE"
"enveloppe_type_plancher_haut_deperditif","text","2147483647","√","","null","","","materiaux ou principe constructif principal des planchers hauts"
"enveloppe_u_plancher_haut_deperditif","numeric","0","√","","null","","","Coefficient de transmission thermique moyen des planchers hauts (W/m²/K)"
"enveloppe_l_local_non_chauffe_plancher_haut","_text","2147483647","√","","null","","","liste des locaux non chauffés en contact avec les planchers hauts (enum DPE 2021)"
"enveloppe_local_non_chauffe_principal_plancher_haut","text","2147483647","√","","null","","","liste des locaux non chauffés en contact avec les planchers hauts (enum DPE 2021)"
"enveloppe_type_adjacence_principal_plancher_haut","text","2147483647","√","","null","","","type d’adjacence principale des planchers haut (sont ils en contact avec l’extérieur ou un local non chauffé)"
"enveloppe_materiaux_toiture_simplifie","text","2147483647","√","","null","","","materiaux principal utilié pour la toiture simplifié. Cette information peut être récupérée de différentes sources (Fichiers Fonciers ou DPE pour le moment)"
"enveloppe_type_porte","text","2147483647","√","","null","","","type de porte du DPE (enum version DPE 2021)"
"enveloppe_u_porte","numeric","0","√","","null","","","Coefficient de transmission thermique moyen des portes (W/m²/K)"
"enveloppe_classe_inertie","text","2147483647","√","","null","","","classe d’inertie du DPE (enum version BDNB)"
"periode_construction_periode_construction_probable","text","2147483647","√","","null","","","Période de construction probable (valeurs disponibles - fichiers fonciers, rnc, rpls, dpe_ancien, dpe_nouveau)"
"periode_construction_source","text","2147483647","√","","null","","","TODO"
"periode_construction_fiabilite","text","2147483647","√","","null","","","Niveau de fiabilité"
"systeme_energetique_source_information_principale","text","2147483647","√","","null","","","base de données source principale d’où est tirée directement les informations sur les systèmes énergétiques du bâtiment. (pour l’instant pas de combinaisons de sources voir méthodo)"
"systeme_energetique_score_fiabilite","int4","10","√","","null","","","score de fiabilité attribué aux informations affichées. En fonction de la source principale et du recoupement des informations de plusieurs sources le score peut être plus ou moins élevé. Le score maximal de confiance est de 10, le score minimal de 1. des informations recoupées par plusieurs sources ont un score de confiance plus élevé que des informations fournies par une unique source (voir méthodo)"
"systeme_energetique_type_batiment_dpe","text","2147483647","√","","null","","","défini si le DPE a été établi pour une maison, un appartement ou un immeuble entier. Cette colonne est renseignée uniquement si la source d’information est un DPE."
"systeme_energetique_type_installation_chauffage","text","2147483647","√","","null","","","type d’installation de chauffage (collectif ou individuel)"
"systeme_energetique_type_energie_chauffage","text","2147483647","√","","null","","","type d’énergie pour le générateur de chauffage principal"
"systeme_energetique_type_generateur_chauffage","text","2147483647","√","","null","","","type de générateur de chauffage principal"
"systeme_energetique_type_generateur_chauffage_anciennete","text","2147483647","√","","null","","","ancienneté du générateur de chauffage principal"
"systeme_energetique_type_energie_chauffage_appoint","text","2147483647","√","","null","","","type d’énergie pour le générateur de chauffage d’appoint"
"systeme_energetique_type_generateur_chauffage_appoint","text","2147483647","√","","null","","","type de générateur de chauffage d’appoint"
"systeme_energetique_type_generateur_chauffage_anciennete_appoin","text","2147483647","√","","null","","",""
"systeme_energetique_chauffage_solaire","bool","1","√","","null","","","présence de chauffage solaire"
"systeme_energetique_nb_generateur_chauffage","int2","5","√","","null","","","nombre de générateurs de chauffage"
"systeme_energetique_nb_installation_chauffage","int2","5","√","","null","","","nombre d’installation de chauffage"
"systeme_energetique_l_type_generateur_chauffage","_text","2147483647","√","","null","","","type de générateur de chauffage principal (enum version simplifiée BDNB) concaténé en liste pour tous les DPE"
"systeme_energetique_type_energie_climatisation","text","2147483647","√","","null","","","type d’énergie pour le générateur de climatisation principal"
"systeme_energetique_type_generateur_climatisation","text","2147483647","√","","null","","","type de générateur de climatisation principal"
"systeme_energetique_type_generateur_climatisation_anciennete","text","2147483647","√","","null","","","ancienneté du générateur de climatisation principal"
"systeme_energetique_type_installation_ecs","text","2147483647","√","","null","","","type d’installation d’eau chaude sanitaire (ECS) (collectif ou individuel)"
"systeme_energetique_type_energie_ecs","text","2147483647","√","","null","","","type d’énergie pour le générateur d’eau chaude sanitaire (ECS) principal"
"systeme_energetique_type_generateur_ecs","text","2147483647","√","","null","","","type de générateur d’eau chaude sanitaire (ECS) principal"
"systeme_energetique_type_generateur_ecs_anciennete","text","2147483647","√","","null","","","ancienneté du générateur d’eau chaude sanitaire (ECS) principal"
"systeme_energetique_type_energie_ecs_appoint","text","2147483647","√","","null","","","type d’énergie pour le générateur d’eau chaude sanitaire (ECS) d’appoint"
"systeme_energetique_type_generateur_ecs_appoint","text","2147483647","√","","null","","","type de générateur d’eau chaude sanitaire (ECS) d’appoint"
"systeme_energetique_type_generateur_ecs_anciennete_appoint","text","2147483647","√","","null","","","ancienneté du générateur d’eau chaude sanitaire (ECS) d’appoint"
"systeme_energetique_ecs_solaire","bool","1","√","","null","","","présence d’ecs solaire"
"systeme_energetique_nb_generateur_ecs","int2","5","√","","null","","","nombre de générateurs d’ecs"
"systeme_energetique_nb_installation_ecs","int2","5","√","","null","","","nombre d’installation d’ecs"
"systeme_energetique_l_type_generateur_ecs","_text","2147483647","√","","null","","","type de générateur d’ECS principal (enum version simplifiée BDNB) concaténé en liste pour tous les DPE"
"systeme_energetique_type_ventilation","text","2147483647","√","","null","","","type de ventilation"
"systeme_energetique_type_production_energie_renouvelable","text","2147483647","√","","null","","","type de production ENR pour le DPE"
"argiles_alea","text","2147483647","√","","null","","","(argiles) Aléa du risque argiles"
"bdtopo_bat_l_nature","_text","2147483647","√","","null","","","(ign) Catégorie de nature du bâtiment"
"bdtopo_bat_l_usage_1","_text","2147483647","√","","null","","","(ign) Usage principal du bâtiment"
"bdtopo_bat_l_usage_2","_text","2147483647","√","","null","","","(ign) Usage secondaire du bâtiment"
"bdtopo_bat_l_etat","_text","2147483647","√","","null","","","(ign) Etat des bâtiments"
"bdtopo_bat_hauteur_mean","int4","10","√","","null","","","(ign) Hauteur moyenne des bâtiments m"
"bdtopo_bat_max_hauteur","int4","10","√","","null","","","(ign) Hauteur maximale des bâtiments m"
"bdtopo_bat_altitude_sol_mean","int4","10","√","","null","","","(ign) Altitude au sol moyenne m"
"bdtopo_equ_l_nature","_text","2147483647","√","","null","","","(ign) Catégorie de nature du bâtiment"
"bdtopo_equ_l_nature_detaillee","_text","2147483647","√","","null","","","(ign) Catégorie détaillée de nature de l’équipement"
"bdtopo_equ_l_toponyme","_text","2147483647","√","","null","","","(ign) Toponymie de l’équipement"
"bdtopo_zoa_l_nature","_text","2147483647","√","","null","","","(ign) Catégorie de nature du bâtiment"
"bdtopo_zoa_l_nature_detaillee","_text","2147483647","√","","null","","","(ign) Catégorie détaillée de nature de l’équipement"
"bdtopo_zoa_l_toponyme","_text","2147483647","√","","null","","","(ign) Toponymie de l’équipement"
"bpe_l_type_equipement","_text","2147483647","√","","null","","","(bpe) Liste des équipements recensés par la base BPE"
"delimitation_enveloppe_dict","text","2147483647","√","","null","","",""
"dle_elec_2020_nb_pdl_res","numeric","17,3","√","","null","","","Nombre de points de livraisons résidentiel"
"dle_elec_2020_nb_pdl_pro","numeric","17,3","√","","null","","","Nombre de points de livraisons professionel"
"dle_elec_2020_nb_pdl_tot","numeric","17,3","√","","null","","","Nombre total de points de livraisons"
"dle_elec_2020_conso_res","numeric","17,3","√","","null","","","Consommation résidentielle kWh/an"
"dle_elec_2020_conso_pro","numeric","17,3","√","","null","","","Consommation professionnelle kWh/an"
"dle_elec_2020_conso_tot","numeric","17,3","√","","null","","","Consommation totale kWh/an"
"dle_elec_2020_conso_res_par_pdl","numeric","17,3","√","","null","","","Consommation résidentielle par point de livraison kWh/pdl.an"
"dle_elec_2020_conso_pro_par_pdl","numeric","17,3","√","","null","","","Consommation professionnelle par point de livraison  kWh/pdl.an"
"dle_elec_2020_conso_tot_par_pdl","numeric","17,3","√","","null","","","Consommation totale par point de livraison  kWh/pdl.an"
"dle_gaz_2020_nb_pdl_res","numeric","17,3","√","","null","","","Nombre de points de livraisons résidentiel"
"dle_gaz_2020_nb_pdl_pro","numeric","17,3","√","","null","","","Nombre de points de livraisons professionel"
"dle_gaz_2020_nb_pdl_tot","numeric","17,3","√","","null","","","Nombre total de points de livraisons"
"dle_gaz_2020_conso_res","numeric","17,3","√","","null","","","Consommation résidentielle kWh/an"
"dle_gaz_2020_conso_pro","numeric","17,3","√","","null","","","Consommation professionnelle kWh/an"
"dle_gaz_2020_conso_tot","numeric","17,3","√","","null","","","Consommation totale kWh/an"
"dle_gaz_2020_conso_res_par_pdl","numeric","17,3","√","","null","","","Consommation résidentielle par point de livraison kWh/pdl.an"
"dle_gaz_2020_conso_pro_par_pdl","numeric","17,3","√","","null","","","Consommation professionnelle par point de livraison  kWh/pdl.an"
"dle_gaz_2020_conso_tot_par_pdl","numeric","17,3","√","","null","","","Consommation totale par point de livraison  kWh/pdl.an"
"dle_reseaux_2020_nb_pdl_res","numeric","17,3","√","","null","","","Nombre de points de livraisons résidentiel"
"dle_reseaux_2020_nb_pdl_pro","numeric","17,3","√","","null","","","Nombre de points de livraisons professionel"
"dle_reseaux_2020_nb_pdl_tot","numeric","17,3","√","","null","","","Nombre total de points de livraisons"
"dle_reseaux_2020_conso_res","numeric","17,3","√","","null","","","Consommation résidentielle kWh/an"
"dle_reseaux_2020_conso_pro","numeric","17,3","√","","null","","","Consommation professionnelle kWh/an"
"dle_reseaux_2020_conso_tot","numeric","17,3","√","","null","","","Consommation totale kWh/an"
"dle_reseaux_2020_conso_res_par_pdl","numeric","17,3","√","","null","","","Consommation résidentielle par point de livraison kWh/pdl.an"
"dle_reseaux_2020_conso_pro_par_pdl","numeric","17,3","√","","null","","","Consommation professionnelle par point de livraison  kWh/pdl.an"
"dle_reseaux_2020_conso_tot_par_pdl","numeric","17,3","√","","null","","","Consommation totale par point de livraison  kWh/pdl.an"
"dle_reseaux_2020_identifiant_reseau","text","2147483647","√","","null","","","Identifiant du reseau de chaleur"
"dle_reseaux_2020_type_reseau","text","2147483647","√","","null","","","type du réseau de chaleur"
"dpe_mix_arrete_identifiant_dpe","text","2147483647","√","","null","","","identifiant unique des DPE de l’ADEME."
"dpe_mix_arrete_arrete_2021","bool","1","√","","null","","","précise si le DPE est un DPE qui est issu de la nouvelle réforme du DPE (arrêté du 31 mars 2021) ou s’il s’agit d’un DPE issu de la modification antérieure de 2012."
"dpe_mix_arrete_type_dpe","text","2147483647","√","","null","","","type de DPE. Permet de préciser le type de DPE (arrêté 2012/arrêté 2021), son objet (logement, immeuble de logement, tertiaire) et la méthode de calcul utilisé (3CL conventionel,facture ou RT2012/RE2020)"
"dpe_mix_arrete_type_batiment_dpe","text","2147483647","√","","null","","","défini si le DPE a été établi pour une maison, un appartement ou un immeuble entier. Cette colonne est renseignée uniquement si la source d’information est un DPE."
"dpe_mix_arrete_periode_construction_dpe","text","2147483647","√","","null","","","période de construction selon la segmentation par grandes périodes “énergétiques” du DPE."
"dpe_mix_arrete_annee_construction_dpe","int2","5","√","","null","","","année de construction du logement évaluée par le DPE"
"dpe_mix_arrete_version","text","2147483647","√","","null","","","version du DPE (arrêté 2021). Cenuméro de version permet de tracer les évolutions de modèle de données, decontexte réglementaire et de contrôle mis en place sur les DPE. Chaque nouvelle version induit un certain nombre de changements substantiels. Certaines données ne sont disponible ou obligatoires qu’à partir d’une certaine version"
"dpe_mix_arrete_date_etablissement_dpe","timestamp","29,6","√","","null","","","date de l’établissement du dpe"
"dpe_mix_arrete_date_reception_dpe","timestamp","29,6","√","","null","","","date de réception du DPE dans la base de données de l’ADEME"
"dpe_mix_arrete_nombre_niveau_logement","int2","5","√","","null","","","nombre de niveaux du logement (maison ou appartement)"
"dpe_mix_arrete_nombre_niveau_immeuble","int2","5","√","","null","","","nombre de niveaux total de l’immeuble"
"dpe_mix_arrete_surface_habitable_immeuble","numeric","0","√","","null","","","surface habitable totale de l’immeuble dans le cas d’un DPE appartement avec usage collectif ou d’un DPE immeuble.(surface habitable au sens du DPE)"
"dpe_mix_arrete_surface_habitable_logement","numeric","0","√","","null","","","surface habitable du logement renseignée sauf dans le cas du dpe à l’immeuble. (surface habitable au sens du DPE)"
"dpe_mix_arrete_conso_5_usages_ep_m2","numeric","0","√","","null","","","consommation annuelle 5 usages (ecs/chauffage/climatisation/eclairage/auxiliaires) en énergie primaire (déduit de la production pv autoconsommée) (kWhep/m²/an). valable uniquement pour les DPE appliquant la méthode de l’arrêté du 31 mars 2021 (en vigueur actuellement)"
"dpe_mix_arrete_conso_5_usages_ef_m2","numeric","0","√","","null","","","consommation annuelle 5 usages (ecs/chauffage/climatisation/eclairage/auxiliaires)en énergie finale (déduit de la production pv autoconsommée) (kWhef/m²/an). valable uniquement pour les DPE appliquant la méthode de l’arrêté du 31 mars 2021 (en vigueur actuellement)"
"dpe_mix_arrete_emission_ges_5_usages_m2","numeric","0","√","","null","","","emission GES totale 5 usages rapportée au m² (déduit de la production pv autoconsommée) (ecs/chauffage/climatisation/eclairage/auxiliaires)(kgCO2/m2/an). valable uniquement pour les DPE appliquant la méthode de l’arrêté du 31 mars 2021 (en vigueur actuellement)"
"dpe_mix_arrete_classe_bilan_dpe","text","2147483647","√","","null","","","Classe du DPE issu de la synthèse du double seuil sur les consommations énergie primaire et les émissions de CO2 sur les 5 usages (ecs/chauffage/climatisation/eclairage/auxiliaires).  valable uniquement pour les DPE appliquant la méthode de l’arrêté du 31 mars 2021 (en vigueur actuellement)"
"dpe_mix_arrete_classe_emission_ges","text","2147483647","√","","null","","","classe d’émission GES du DPE 5 usages (chauffage, ECS, climatisation, éclairage et auxiliaires). valable uniquement pour les DPE appliquant la méthode de l’arrêté du 31 mars 2021 (en vigueur actuellement)"
"dpe_mix_arrete_classe_conso_energie_arrete_2012","text","2147483647","√","","null","","","classe d’émission GES du DPE 3 usages (Chauffage, ECS, Climatisation). Valable uniquement pour les DPE appliquant la méthode de l’arrêté du 8 février 2012"
"dpe_mix_arrete_classe_emission_ges_arrete_2012","text","2147483647","√","","null","","","classe d’emission GES du DPE 3 usages (Chauffage, ECS , Climatisation). valable uniquement pour les DPE appliquant la méthode de l’arrêté du 8 février 2012"
"dpe_mix_arrete_conso_3_usages_ep_m2_arrete_2012","numeric","0","√","","null","","","consommation annuelle 3 usages énergie primaire rapportée au m2 (Chauffage, ECS , Climatisation). valable uniquement pour les DPE appliquant la méthode de l’arrêté du 8 février 2012"
"dpe_mix_arrete_emission_ges_3_usages_ep_m2_arrete_2012","numeric","0","√","","null","","","emission GES totale 3 usages énergie primaire rapportée au m2 (Chauffage, ECS , Climatisation). valable uniquement pour les DPE appliquant la méthode de l’arrêté du 8 février 2012 (kgCO2/m2/an)."
"dpe_mix_arrete_type_installation_chauffage","text","2147483647","√","","null","","","type d’installation de chauffage (collectif ou individuel)"
"dpe_mix_arrete_type_energie_chauffage","text","2147483647","√","","null","","","type d’énergie pour le générateur de chauffage principal"
"dpe_mix_arrete_type_generateur_chauffage","text","2147483647","√","","null","","","type de générateur de chauffage principal"
"dpe_mix_arrete_type_generateur_chauffage_anciennete","text","2147483647","√","","null","","","ancienneté du générateur de chauffage principal"
"dpe_mix_arrete_type_energie_chauffage_appoint","text","2147483647","√","","null","","","type d’énergie pour le générateur de chauffage d’appoint"
"dpe_mix_arrete_type_generateur_chauffage_appoint","text","2147483647","√","","null","","","type de générateur de chauffage d’appoint"
"dpe_mix_arrete_type_generateur_chauffage_anciennete_appoint","text","2147483647","√","","null","","","ancienneté du générateur de chauffage d’appoint"
"dpe_mix_arrete_chauffage_solaire","bool","1","√","","null","","","présence de chauffage solaire"
"dpe_mix_arrete_nb_generateur_chauffage","int2","5","√","","null","","","nombre de générateurs de chauffage"
"dpe_mix_arrete_nb_installation_chauffage","int2","5","√","","null","","","nombre d’installation de chauffage"
"dpe_mix_arrete_type_energie_climatisation","text","2147483647","√","","null","","","type d’énergie pour le générateur de climatisation principal"
"dpe_mix_arrete_type_generateur_climatisation","text","2147483647","√","","null","","","type de générateur de climatisation principal"
"dpe_mix_arrete_type_generateur_climatisation_anciennete","text","2147483647","√","","null","","","ancienneté du générateur de climatisation principal"
"dpe_mix_arrete_type_installation_ecs","text","2147483647","√","","null","","","type d’installation d’eau chaude sanitaire (ECS) (collectif ou individuel)"
"dpe_mix_arrete_type_energie_ecs","text","2147483647","√","","null","","","type d’énergie pour le générateur d’eau chaude sanitaire (ECS) principal"
"dpe_mix_arrete_type_generateur_ecs","text","2147483647","√","","null","","","type de générateur d’eau chaude sanitaire (ECS) principal"
"dpe_mix_arrete_type_generateur_ecs_anciennete","text","2147483647","√","","null","","","ancienneté du générateur d’eau chaude sanitaire (ECS) principal"
"dpe_mix_arrete_type_energie_ecs_appoint","text","2147483647","√","","null","","","type d’énergie pour le générateur d’eau chaude sanitaire (ECS) d’appoint"
"dpe_mix_arrete_type_generateur_ecs_appoint","text","2147483647","√","","null","","","type de générateur d’eau chaude sanitaire (ECS) d’appoint"
"dpe_mix_arrete_type_generateur_ecs_anciennete_appoint","text","2147483647","√","","null","","","ancienneté du générateur d’eau chaude sanitaire (ECS) d’appoint"
"dpe_mix_arrete_ecs_solaire","bool","1","√","","null","","","présence d’ecs solaire"
"dpe_mix_arrete_nb_generateur_ecs","int2","5","√","","null","","","nombre de générateurs d’ecs"
"dpe_mix_arrete_nb_installation_ecs","int2","5","√","","null","","","nombre d’installation d’ecs"
"dpe_mix_arrete_plusieurs_facade_exposee","bool","1","√","","null","","","il est considéré dans le DPE qu’il y a plusieurs facades exposées au vent."
"dpe_mix_arrete_type_ventilation","text","2147483647","√","","null","","","type de ventilation"
"dpe_mix_arrete_type_production_energie_renouvelable","text","2147483647","√","","null","","","type de production ENR pour le DPE"
"dpe_mix_arrete_type_vitrage","text","2147483647","√","","null","","","type de vitrage principal des baies vitrées du DPE"
"dpe_mix_arrete_type_materiaux_menuiserie","text","2147483647","√","","null","","","type de matériaux principal des menuiseries des baies vitrées du DPE"
"dpe_mix_arrete_type_gaz_lame","text","2147483647","√","","null","","","type de gaz injecté principalement dans la lame entre les vitrages des baies vitrées du DPE (double vitrage ou triple vitrage uniquement)"
"dpe_mix_arrete_type_fermeture","text","2147483647","√","","null","","","type de fermeture principale installée sur les baies vitrées du DPE (volet,persienne etc..)"
"dpe_mix_arrete_epaisseur_lame","int2","5","√","","null","","","epaisseur principale de la lame de gaz entre vitrages pour les baies vitrées du DPE."
"dpe_mix_arrete_vitrage_vir","bool","1","√","","null","","","le vitrage a été traité avec un traitement à isolation renforcé ce qui le rend plus performant d’un point de vue thermique."
"dpe_mix_arrete_surface_vitree_nord","numeric","0","√","","null","","","somme de la surface de baies vitrées orientées nord du DPE"
"dpe_mix_arrete_surface_vitree_sud","numeric","0","√","","null","","","somme de la surface de baies vitrées orientées sud du DPE"
"dpe_mix_arrete_surface_vitree_ouest","numeric","0","√","","null","","","somme de la surface de baies vitrées orientées ouest du DPE"
"dpe_mix_arrete_surface_vitree_est","numeric","0","√","","null","","","somme de la surface de baies vitrées orientées est du DPE"
"dpe_mix_arrete_surface_vitree_horizontal","numeric","0","√","","null","","","somme de la surface de baies vitrées horizontales du DPE (velux la plupart du temps)"
"dpe_mix_arrete_traversant","text","2147483647","√","","null","","","indicateur du côté traversant du logement."
"dpe_mix_arrete_u_baie_vitree","numeric","0","√","","null","","","Coefficient de transmission thermique moyen des baies vitrées en incluant le calcul de la résistance additionelle des fermetures (calcul Ujn) (W/m²/K)"
"dpe_mix_arrete_uw","numeric","0","√","","null","","","Coefficient de transmission thermique moyen des baies vitrées sans prise en compte des fermeture (W/m²/K)"
"dpe_mix_arrete_facteur_solaire_baie_vitree","numeric","0","√","","null","","","facteur de transmission du flux solaire par la baie vitrée. coefficient entre 0 et 1"
"dpe_mix_arrete_presence_balcon","bool","1","√","","null","","","présence de balcons identifiés par analyse des coefficients de masques solaires du DPE."
"dpe_mix_arrete_l_orientation_baie_vitree","_text","2147483647","√","","null","","","liste des orientations des baies vitrées (enum version BDNB)"
"dpe_mix_arrete_pourcentage_surface_baie_vitree_exterieur","numeric","0","√","","null","","","pourcentage de surface de baies vitrées sur les murs extérieurs"
"dpe_mix_arrete_type_isolation_mur_exterieur","text","2147483647","√","","null","","","type d’isolation principal des murs donnant sur l’extérieur pour le DPE"
"dpe_mix_arrete_epaisseur_isolation_mur_exterieur_estim","int4","10","√","","null","","","epaisseur d’isolation moyenne des murs extérieurs estimée à partir de la différence entre le U de mur et le U de mur nu. Dans le cas d’une épaisseur déclarée c’est directement l’épaisseur déclarée qui est considérée, dans le cas contraire l’épaisseur est estimée aussi pour les U conventionels de la méthode 3CL DPE."
"dpe_mix_arrete_materiaux_structure_mur_exterieur","text","2147483647","√","","null","","","matériaux ou principe constructif principal utilisé pour les murs extérieurs (enum version BDNB)"
"dpe_mix_arrete_epaisseur_structure_mur_exterieur","text","2147483647","√","","null","","","epaisseur moyenne de la partie structure du mur (sans l’isolation rapportée ni les doublages)"
"dpe_mix_arrete_surface_mur_totale","numeric","0","√","","null","","","somme de la surface de murs totale"
"dpe_mix_arrete_surface_mur_exterieur","numeric","0","√","","null","","","somme de la surface  surface de murs donnant sur l’extérieur"
"dpe_mix_arrete_surface_mur_deperditif","numeric","0","√","","null","","","somme de la surface de murs donnant sur des locaux non chauffés et sur l’extérieur (surfaces déperditives)"
"dpe_mix_arrete_u_mur_exterieur","numeric","0","√","","null","","","Coefficient de transmission thermique moyen des murs extérieurs (W/m²/K)"
"dpe_mix_arrete_l_local_non_chauffe_mur","_text","2147483647","√","","null","","","liste des locaux non chauffés en contact avec les murs (enum DPE 2021)"
"dpe_mix_arrete_local_non_chauffe_principal_mur","text","2147483647","√","","null","","","liste des locaux non chauffés en contact avec les murs (enum DPE 2021)"
"dpe_mix_arrete_l_orientation_mur_exterieur","_text","2147483647","√","","null","","","liste des orientations des murs donnant sur l’extérieur (enum version BDNB)"
"dpe_mix_arrete_type_isolation_plancher_bas","text","2147483647","√","","null","","","type d’isolation principal des planchers bas déperditifs pour le DPE"
"dpe_mix_arrete_type_plancher_bas_deperditif","text","2147483647","√","","null","","","materiaux ou principe constructif principal des planchers bas"
"dpe_mix_arrete_surface_plancher_bas_totale","numeric","0","√","","null","","","somme de la surface de plancher bas totale"
"dpe_mix_arrete_surface_plancher_bas_deperditif","numeric","0","√","","null","","","somme de la surface de plancher bas donnant sur des locaux non chauffés et sur l’extérieur (surfaces déperditives)"
"dpe_mix_arrete_u_plancher_bas_final_deperditif","numeric","0","√","","null","","","Coefficient de transmission thermique moyen des planchers bas en prenant en compte l’atténuation forfaitaire du U lorsqu’en contact avec le sol de la méthode 3CL(W/m²/K)"
"dpe_mix_arrete_u_plancher_bas_brut_deperditif","numeric","0","√","","null","","","Coefficient de transmission thermique moyen des planchers bas brut."
"dpe_mix_arrete_l_local_non_chauffe_plancher_bas","_text","2147483647","√","","null","","","liste des locaux non chauffés en contact avec les planchers bas (enum DPE 2021)"
"dpe_mix_arrete_local_non_chauffe_principal_plancher_bas","text","2147483647","√","","null","","","liste des locaux non chauffés en contact avec les planchers bas (enum DPE 2021)"
"dpe_mix_arrete_type_adjacence_principal_plancher_bas","text","2147483647","√","","null","","","type d’adjacence principale des planchers bas (sont ils en contact avec l’extérieur ou un local non chauffé)"
"dpe_mix_arrete_type_isolation_plancher_haut","text","2147483647","√","","null","","","type d’isolation principal des planchers hauts déperditifs pour le DPE"
"dpe_mix_arrete_type_plancher_haut_deperditif","text","2147483647","√","","null","","","materiaux ou principe constructif principal des planchers hauts"
"dpe_mix_arrete_surface_plancher_haut_totale","numeric","0","√","","null","","","somme de la surface de plancher haut totale"
"dpe_mix_arrete_surface_plancher_haut_deperditif","numeric","0","√","","null","","","somme de la surface de plancher haut donnant sur des locaux non chauffés et sur l’extérieur (surfaces déperditives)"
"dpe_mix_arrete_u_plancher_haut_deperditif","numeric","0","√","","null","","","Coefficient de transmission thermique moyen des planchers hauts (W/m²/K)"
"dpe_mix_arrete_l_local_non_chauffe_plancher_haut","_text","2147483647","√","","null","","","liste des locaux non chauffés en contact avec les planchers hauts (enum DPE 2021)"
"dpe_mix_arrete_local_non_chauffe_principal_plancher_haut","text","2147483647","√","","null","","","liste des locaux non chauffés en contact avec les planchers hauts (enum DPE 2021)"
"dpe_mix_arrete_type_adjacence_principal_plancher_haut","text","2147483647","√","","null","","","type d’adjacence principale des planchers haut (sont ils en contact avec l’extérieur ou un local non chauffé)"
"dpe_mix_arrete_type_porte","text","2147483647","√","","null","","","type de porte du DPE (enum version DPE 2021)"
"dpe_mix_arrete_surface_porte","numeric","0","√","","null","","","somme de la surface de portes du DPE"
"dpe_mix_arrete_u_porte","numeric","0","√","","null","","","Coefficient de transmission thermique moyen des portes (W/m²/K)"
"dpe_mix_arrete_classe_inertie","text","2147483647","√","","null","","","classe d’inertie du DPE (enum version BDNB)"
"dpe_mix_arrete_deperdition_mur","numeric","0","√","","null","","","somme des déperditions par les murs du DPE (W/K)"
"dpe_mix_arrete_deperdition_baie_vitree","numeric","0","√","","null","","","somme des déperditions par les baies vitrées du DPE (W/K)"
"dpe_mix_arrete_deperdition_plancher_bas","numeric","0","√","","null","","","somme des deperditions par les planchers bas du logement (W/K)"
"dpe_mix_arrete_deperdition_plancher_haut","numeric","0","√","","null","","","somme des deperditions par les planchers hauts du logement (W/K)"
"dpe_mix_arrete_deperdition_pont_thermique","numeric","0","√","","null","","","somme des deperditions par les portes du DPE (W/K)"
"dpe_mix_arrete_deperdition_porte","numeric","0","√","","null","","","somme des deperditions par les portes du DPE (W/K)"
"dpe_mix_arrete_nb_classe_bilan_dpe_a","int4","10","√","","null","","","(dpe) Nombre de DPE avec une étiquette bilan DPE (double seuil énergie/ges) de classe A"
"dpe_mix_arrete_nb_classe_bilan_dpe_b","int4","10","√","","null","","","(dpe) Nombre de DPE avec une étiquette bilan DPE (double seuil énergie/ges) de classe B"
"dpe_mix_arrete_nb_classe_bilan_dpe_c","int4","10","√","","null","","","(dpe) Nombre de DPE avec une étiquette bilan DPE (double seuil énergie/ges) de classe C"
"dpe_mix_arrete_nb_classe_bilan_dpe_d","int4","10","√","","null","","","(dpe) Nombre de DPE avec une étiquette bilan DPE (double seuil énergie/ges) de classe D"
"dpe_mix_arrete_nb_classe_bilan_dpe_e","int4","10","√","","null","","","(dpe) Nombre de DPE avec une étiquette bilan DPE (double seuil énergie/ges) de classe E"
"dpe_mix_arrete_nb_classe_bilan_dpe_f","int4","10","√","","null","","","(dpe) Nombre de DPE avec une étiquette bilan DPE (double seuil énergie/ges) de classe F"
"dpe_mix_arrete_nb_classe_bilan_dpe_g","int4","10","√","","null","","","(dpe) Nombre de DPE avec une étiquette bilan DPE (double seuil énergie/ges) de classe G"
"dpe_mix_arrete_nb_classe_conso_energie_arrete_2012_a","int4","10","√","","null","","","(dpe) Nombre de DPE de la classe énergétique A. valable uniquement pour les DPE appliquant la méthode de l’arrêté du 8 février 2012"
"dpe_mix_arrete_nb_classe_conso_energie_arrete_2012_b","int4","10","√","","null","","","(dpe) Nombre de DPE de la classe énergétique B. valable uniquement pour les DPE appliquant la méthode de l’arrêté du 8 février 2012"
"dpe_mix_arrete_nb_classe_conso_energie_arrete_2012_c","int4","10","√","","null","","","(dpe) Nombre de DPE de la classe énergétique C. valable uniquement pour les DPE appliquant la méthode de l’arrêté du 8 février 2012"
"dpe_mix_arrete_nb_classe_conso_energie_arrete_2012_d","int4","10","√","","null","","","(dpe) Nombre de DPE de la classe énergétique D. valable uniquement pour les DPE appliquant la méthode de l’arrêté du 8 février 2012"
"dpe_mix_arrete_nb_classe_conso_energie_arrete_2012_e","int4","10","√","","null","","","(dpe) Nombre de DPE de la classe énergétique E. valable uniquement pour les DPE appliquant la méthode de l’arrêté du 8 février 2012"
"dpe_mix_arrete_nb_classe_conso_energie_arrete_2012_f","int4","10","√","","null","","","(dpe) Nombre de DPE de la classe énergétique F. valable uniquement pour les DPE appliquant la méthode de l’arrêté du 8 février 2012"
"dpe_mix_arrete_nb_classe_conso_energie_arrete_2012_g","int4","10","√","","null","","","(dpe) Nombre de DPE de la classe énergétique G. valable uniquement pour les DPE appliquant la méthode de l’arrêté du 8 février 2012"
"dpe_mix_arrete_nb_classe_conso_energie_arrete_2012_nc","int4","10","√","","null","","","(dpe) Nombre de DPE n’ayant pas fait l’objet d’un calcul d’étiquette énergie (DPE dits vierges). valable uniquement pour les DPE appliquant la méthode de l’arrêté du 8 février 2012"
"dv3f_valeur_fonciere_min","numeric","10,2","√","","null","","","(dv3f) valeur foncière minimale parmi les locaux du bâtiment rapporté au m² habitable (SHAB) €/m²"
"dv3f_valeur_fonciere_max","numeric","10,2","√","","null","","","(dv3f) valeur foncière maximale parmi les locaux du bâtiment rapporté au m² habitable (SHAB)€/m²"
"dv3f_valeur_fonciere_med","numeric","10,2","√","","null","","","(dv3f) médiane des valeurs foncières  rapporté au m² habitable (SHAB) €/m²"
"dv3f_valeur_fonciere_mean","numeric","10,2","√","","null","","","(dv3f) valeur foncière moyenne des locaux du bâtiment rapporté au m² habitable (SHAB) €/m²"
"dv3f_valeur_fonciere_mean_t1","numeric","10,2","√","","null","","","(dv3f) valeur foncière moyenne des locaux du bâtiment rapporté au m² habitable (SHAB) €/m²"
"dv3f_valeur_fonciere_mean_t2","numeric","10,2","√","","null","","","(dv3f) valeur foncière moyenne des locaux du bâtiment rapporté au m² habitable (SHAB) €/m²"
"dv3f_valeur_fonciere_mean_t3","numeric","10,2","√","","null","","","(dv3f) valeur foncière moyenne des locaux du bâtiment rapporté au m² habitable (SHAB) €/m²"
"dv3f_valeur_fonciere_mean_t4sup","numeric","10,2","√","","null","","","(dv3f) valeur foncière moyenne des locaux du bâtiment rapporté au m² habitable (SHAB) €/m²"
"dv3f_nb_mutation_annee","int4","10","√","","null","","","nombre moyen de mutations par an dans le bâtiment"
"dv3f_nb_loc","int4","10","√","","null","","","(ffo) Nombre de locaux nlocal"
"dv3f_nb_log","int4","10","√","","null","","","nombre de logements du local concerné par la transaction immobilière"
"dv3f_nb_log_soc","int4","10","√","","null","","","(ffo) Nombre de locaux de type logement sociaux, (utilisation des attributs loc.logh = ‘t’ AND loc.hlmsem = (‘5’,‘6’))"
"dv3f_id_locmut","text","2147483647","√","","null","","","identifiant du couple (local, mutation) pour la transaction immobilière"
"dv3f_local_id","text","2147483647","√","","null","","","identifiant du local dans les Fichiers Fonciers (Concaténation de ccodep, invar)"
"dv3f_id_mutation","text","2147483647","√","","null","","","identifiant de la mutation dans les Fichiers Fonciers"
"dv3f_usage_simple","text","2147483647","√","","null","","","(dv3f:dteloc) usage du local (1:résidentiel individuel, 2:résidentiel collectif, 3:dependance, 4:commercial)"
"dv3f_usage_simple_txt","text","2147483647","√","","null","","","(dv3f) usage du local explicite"
"dv3f_usage_detail","text","2147483647","√","","null","","","(dv3f:cconlc) type de local"
"dv3f_usage_detail_txt","text","2147483647","√","","null","","","(dv3f) type de local explicite"
"dv3f_code_naf","varchar","5","√","","null","","","code de l’activité principale selon la nomenclature NAF du local concerné par la transaction immobilière"
"dv3f_code_naf_txt","text","2147483647","√","","null","","","activité principale selon la nomenclature NAF du local concerné par la transaction immobilière"
"dv3f_bureau","bool","1","√","","null","","","vaut True si le local du local concerné par la transaction immobilière est un bureau"
"dv3f_habitation","bool","1","√","","null","","","vaut True si du local concerné par la transaction immobilière est une habitation pour la transaction immobilière"
"dv3f_logsoc","bool","1","√","","null","","","vaut True si le local concerné par la transaction immobilière est un logement social pour la transaction immobilière"
"dv3f_vacant","bool","1","√","","null","","","(dv3f) vaut True si le local est vacant"
"dv3f_s_bati","int4","10","√","","null","","","(dv3f) surface du bati m²"
"dv3f_s_hab","int4","10","√","","null","","","surface habitable du local concerné par la transaction immobilière m²"
"dv3f_s_dep","int4","10","√","","null","","","(dv3f) surface occupée par les dépendances m²"
"dv3f_s_pro","int4","10","√","","null","","","(dv3f) surface d’usage professionel m²"
"dv3f_nb_salle_a_mange","int4","10","√","","null","","","nombre de salle à manger du local concerné par la transaction immobilière"
"dv3f_nb_chambre","int4","10","√","","null","","","nombre de chambre du local concerné par la transaction immobilière"
"dv3f_nb_kitchenette","int4","10","√","","null","","","nombre de cuisines dont la surface est inférieure ou égale à 8m² du local concerné par la transaction immobilière"
"dv3f_nb_cuisine","int4","10","√","","null","","","nombre de cuisine dont la surface est supérieure ou égale à 9m² du local concerné par la transaction immobilière"
"dv3f_nb_salle_d_eau","int4","10","√","","null","","","nombre de salle d’eau du local concerné par la transaction immobilière"
"dv3f_nb_annexe","int4","10","√","","null","","","nombre de pièces annexes du local concerné par la transaction immobilière"
"dv3f_nb_piece_principale","int4","10","√","","null","","","Nombre de pièces principales de la résidence individuelle ou collective ayant muté. Cet indicateur est disponible lorsqu’une unique résidence individuelle ou collective a mutée."
"dv3f_nb_dep","int4","10","√","","null","","","nombre de dépendances du local concerné par la transaction immobilière"
"dv3f_nb_garage","int4","10","√","","null","","","nombre de garage du local concerné par la transaction immobilière"
"dv3f_nb_agrement","int4","10","√","","null","","","nombre de partie d’agréement du local concerné par la transaction immobilière"
"dv3f_nb_terrasse","int4","10","√","","null","","","(ffo) Nombre de terrasses (incorporées + annexes non incorporées)"
"dv3f_nb_piscine","int4","10","√","","null","","","nombre de piscine du local concerné par la transaction immobilière"
"dv3f_nb_cave_cellier_remise","int4","10","√","","null","","","nombre de pièce de type cave, grenier, cellier, remise du local concerné par la transaction immobilière"
"dv3f_annee_constr","text","2147483647","√","","null","","","année de construction du local concerné par la transaction immobilière"
"dv3f_etage","text","2147483647","√","","null","","","étage (R+1 = 1) du local concerné par la transaction immobilière"
"dv3f_valeur_loc","int8","19","√","","null","","","(dv3f) valeur locative estimée du local €"
"dv3f_valeur_fonciere_par_m2_hab","int8","19","√","","null","","","(dv3f) valeur foncière du local par m² habitable €/m²"
"dv3f_valeur_fonciere_par_m2_bati","int8","19","√","","null","","","(dv3f) valeur foncière du local par m² de bati €/m²"
"dv3f_valeur_fonciere_par_m2_terrain","int8","19","√","","null","","","(dv3f) valeur foncière du local par m² de terrain €/m²"
"dv3f_valeur_fonciere_brute","int8","19","√","","null","","","(dv3f) valeur foncière totale de la mutation €"
"dv3f_s_hab_mutation","int8","19","√","","null","","","(dv3f) surface habitable totale comprise dans la mutation m²"
"dv3f_s_bati_mutation","int8","19","√","","null","","","(dv3f) surface de bati totale comprise dans la mutation m²"
"dv3f_s_terrain_mutation","int8","19","√","","null","","","(dv3f) surface de terrain totale comprise dans la mutation m²"
"dv3f_date_mutation","date","13","√","","null","","","date de la mutation pour la transaction immobilière"
"dvf_open_id_opendata","varchar","60","√","","null","","","Identifiant open data de la mutation."
"dvf_open_valeur_fonciere","numeric","0","√","","null","","","Valeur foncière en euros de la mutation représentative. €"
"dvf_open_date_mutation","date","13","√","","null","","","date de la mutation pour la transaction immobilière"
"dvf_open_nb_locaux_mutee_mutation","int4","10","√","","null","","","Nombre de locaux ayant mutés lors de la mutation représentative."
"dvf_open_nb_maison_mutee_mutation","int4","10","√","","null","","","Nombre de maisons ayant mutées lors de la mutation représentative."
"dvf_open_nb_appartement_mutee_mutation","int4","10","√","","null","","","Nombre d’appartements ayant mutés lors de la mutation représentative."
"dvf_open_nb_dependance_mutee_mutation","int4","10","√","","null","","","Nombre de dépendances ayant mutées lors de la mutation représentative."
"dvf_open_nb_locaux_tertiaire_mutee_mutation","int4","10","√","","null","","","Nombre de locaux tertiaires ayant mutés lors de la mutation représentative."
"dvf_open_surface_bati_mutee_residencielle_individuelle","numeric","0","√","","null","","","Surface de bâti associée à des résidences individuelles ayant mutées lors de la mutation représentative m²."
"dvf_open_surface_bati_mutee_residencielle_collective","numeric","0","√","","null","","","Surface de bâti associée à des résidences collectives ayant mutées lors de la mutation représentative m²."
"dvf_open_surface_bati_mutee_dependance","numeric","0","√","","null","","","Surface de bâti associée à des dépendances ayant mutées lors de la mutation représentative m²."
"dvf_open_surface_bati_mutee_tertiaire","numeric","0","√","","null","","","Surface de bâti associée à du tertiaire ayant mutées lors de la mutation représentative m²."
"dvf_open_surface_terrain_mutee","numeric","0","√","","null","","","Surface de terrain ayant muté lors de la mutation représentative m²."
"dvf_open_nb_piece_principale","int4","10","√","","null","","","Nombre de pièces principales de la résidence individuelle ou collective ayant muté. Cet indicateur est disponible lorsqu’une unique résidence individuelle ou collective a mutée."
"dvf_open_prix_m2_local","numeric","0","√","","null","","","Prix au m² de bâti en euros lors de la mutation. Cet indicateur n’est disponible que pour des transactions dont uniquement les locaux (résidences individuelles + dépendances) ou (résidences collectives + dépendances) ont mutées €"
"dvf_open_prix_m2_terrain","numeric","0","√","","null","","","Prix au m² du terrain en euros lors de la mutation. Cet indicateur n’est disponible que pour des transactions dont uniquement les locaux (résidences individuelles + dépendances) ou (résidences collectives + dépendances) ont mutées €"
"dvf_open_nb_mutation","int4","10","√","","null","","","Nombre de mutations qui ont eu lieu sur le batiment_groupe (sur la période de référence des DVF)."
"dvf_open_valeur_fonciere_median","numeric","0","√","","null","","","Valeur foncière médiane en euros calculée sur l’ensemble des mutations qui ont eu lieu sur le batiment_groupe."
"dvf_open_valeur_fonciere_moyenne","numeric","0","√","","null","","","Valeur foncière moyenne en euros calculée sur l’ensemble des mutations qui ont eu lieu sur le batiment_groupe."
"dvf_open_valeur_fonciere_max","numeric","0","√","","null","","","(dv3f) valeur foncière maximale parmi les locaux du bâtiment rapporté au m² habitable (SHAB)€/m²"
"dvf_open_valeur_fonciere_min","numeric","0","√","","null","","","(dv3f) valeur foncière minimale parmi les locaux du bâtiment rapporté au m² habitable (SHAB) €/m²"
"dvf_open_prix_m2_local_median","numeric","0","√","","null","","","Prix médian au m2 de bâti en euros calculé à partir des transactions dont uniquement des locaux (résidences individuelles + dépendances) ou (résidences collectives + dépendances) ont mutées"
"dvf_open_prix_m2_local_moyen","numeric","0","√","","null","","","Prix moyen au m2 de bâti en euros calculé à partir des transactions dont uniquement des locaux (résidences individuelles + dépendances) ou (résidences collectives + dépendances) ont mutées"
"dvf_open_prix_m2_local_max","numeric","0","√","","null","","","Prix maximale au m2 de bâti en euros calculé à partir des transactions dont uniquement des locaux (résidences individuelles + dépendances) ou (résidences collectives + dépendances) ont mutées"
"dvf_open_prix_m2_local_min","numeric","0","√","","null","","","Prix minimale au m2 de bâti en euros calculé à partir des transactions dont uniquement des locaux (résidences individuelles + dépendances) ou (résidences collectives + dépendances) ont mutées"
"dvf_open_prix_m2_terrain_median","numeric","0","√","","null","","","Prix médian au m2 de terrain en euros calculé à partir des transactions dont uniquement des locaux (résidences individuelles + dépendances) ou (résidences collectives + dépendances) ont mutées"
"dvf_open_prix_m2_terrain_moyen","numeric","0","√","","null","","","Prix moyen au m2 de terrain en euros calculé à partir des transactions dont uniquement des locaux (résidences individuelles + dépendances) ou (résidences collectives + dépendances) ont mutées"
"dvf_open_prix_m2_terrain_max","numeric","0","√","","null","","","Prix maximale au m2 de terrain en euros calculé à partir des transactions dont uniquement des locaux (résidences individuelles + dépendances) ou (résidences collectives + dépendances) ont mutées"
"dvf_open_prix_m2_terrain_min","numeric","0","√","","null","","","Prix minimale au m2 de terrain en euros calculé à partir des transactions dont uniquement des locaux (résidences individuelles + dépendances) ou (résidences collectives + dépendances) ont mutées"
"dvf_open_nb_locaux_mutee","int4","10","√","","null","","","Nombre de locaux qui ont mutés sur le batiment_groupe (sur la période de référence des DVF)."
"dvf_open_nb_maisons_mutee","int4","10","√","","null","","","Nombre de maisons qui ont mutées sur le batiment_groupe (sur la période de référence des DVF)."
"dvf_open_nb_appartement_mutee","int4","10","√","","null","","","Nombre d’appartements qui ont mutés sur le batiment_groupe (sur la période de référence des DVF)."
"dvf_open_nb_dependance_mutee","int4","10","√","","null","","","Nombre de dépendances qui ont mutées sur le batiment_groupe (sur la période de référence des DVF)."
"dvf_open_nb_locaux_tertiaire_mutee","int4","10","√","","null","","","Nombre de locaux tertiaires qui ont mutés sur le batiment_groupe (sur la période de référence des DVF)."
"l_denomination_bailleur_social","_text","2147483647","√","","null","","","Cette information est renseignée pour les bailleurs sociaux en partie à partir des Fichiers fonciers (2019)"
"exposition_bruit","bool","1","√","","null","","","Si le bâtiment est considéré comme sensible et exposé au moins à une source d’origine routière ou ferroviaire ou aéroportuaire (SRC_Rte, SRC_Fer, SRC_Aero ) alors ce champ prend la valeur True"
"exposition_bruit_routier_et_ou_ferroviaire","bool","1","√","","null","","","Si le bâtiment est considéré comme sensible et exposé au moins à une source d’origine routière ou ferroviaire (SRC_Rte, SRC_Fer) alors ce champ prend la valeur True"
"zone_prioritaire_bruit","bool","1","√","","null","","","Ce champ prend la valeur « vrai », si au moins un bâtiment du bâtiment groupe est sensible de se trouver dans au moins une des situations suivantes (1) situe dans une carte C de la directive européenne Bruit (2) le bâtiment se situe dans un Plan de Gêne Sonore des aéroports (PGS)"
"exposition_bruit_routier","bool","1","√","","null","","","Origine routière de la source de bruit"
"exposition_bruit_ferroviaire","bool","1","√","","null","","","Origine ferroviaire de la source de bruit"
"exposition_bruit_aeroport","bool","1","√","","null","","","Origine aéroportuaire de la source de bruit"
"nb_logement_social","float8","17,17","√","","null","","","Nombre de logements sociaux retenu pour le calcul de l’exposition (il correspond à la répartition homogène des logements sociaux associés à la parcelle sur l’ensemble des bâtiments contenus, en fonction de leur volumétrie)"
"nb_logement_social_expose_bruit","float8","17,17","√","","null","","","somme du nombre de logements sociaux retenues quand exposition_bruit = True et pour l’exposition au bruit routière et/ou ferroviaire et/ou aéroport"
"nb_logement_social_expose_bruit_rte_et_ou_fer","float8","17,17","√","","null","","","somme du nombre de logements sociaux retenues quand exposition_bruit = True et pour l’exposition au bruit routière et/ou ferroviaire"
"nb_logement_social_zone_prioritaire_bruit","float8","17,17","√","","null","","","somme du nombre de logements sociaux retenues quand priorité = True"
"nb_logement_social_expose_routier","float8","17,17","√","","null","","","somme du nombre de logements sociaux retenues quand src_rte = True and exbruit = True"
"nb_logement_social_expose_ferroviaire","float8","17,17","√","","null","","","somme du nombre de logements sociaux retenues quand src_fer = True and exbruit = True"
"nb_logement_social_expose_aeroport","float8","17,17","√","","null","","","somme du nombre de logements sociaux retenues quand src_aero = True and exbruit = True"
"type_exposition_bruit","text","2147483647","√","","null","","","type d’exposition au bruit - src_x = True and exbruit = True"
"type_exposition_bruit_routier_et_ou_ferroviaire","text","2147483647","√","","null","","","type d’exposition au bruit - simplification pour montrer en préférence exposition routière et ferroviaire"
"type_exposition_bruit_simplifie","text","2147483647","√","","null","","","type d’exposition au bruit - src_x = True and exbruit = True (priorité (1)route, (2)ferroviaire, (3)aeroport)"
"ffo_bat_emprise_sol_deduite_sans_park_incorp","int4","10","√","","null","","","Emprise au sol déduite du bâtiment (les dépendances incorporées et non incorporées sont excluses de cette grandeur), utilisée dans la méthodologie d’appariement des entrées bâtiments FF-BDTopo m²"
"ffo_bat_presence_ch_central","bool","1","√","","null","","","(ffo) Présence d’une installation centralisée de chauffage"
"ffo_bat_raccord_eau","bool","1","√","","null","","","(ffo) Présence d’un raccordement à l’eau"
"ffo_bat_raccord_egout","bool","1","√","","null","","","(ffo) Présence d’un raccordement à un tout-à-l’égout"
"ffo_bat_raccord_elec","bool","1","√","","null","","","(ffo) Présence d’un raccordement à l’électricité"
"ffo_bat_l_loc_sec_txt","_text","2147483647","√","","null","","","liste des usages des locaux secondaires (traitement CSTB de la variable cconlc)"
"ffo_bat_l_pev_etat_entretien","_text","2147483647","√","","null","","","(ffo) Etat d’entretien des parties d’évaluation"
"ffo_bat_mat_mur","text","2147483647","√","","null","","","(ffo) indicateur Matériau principal des murs extérieurs"
"ffo_bat_mat_toit","text","2147483647","√","","null","","","(ffo) indicateur Matériau principal des toitures"
"ffo_bat_nb_adresse","int4","10","√","","null","","","Nombre d’adresses"
"ffo_bat_nb_baignoire","int4","10","√","","null","","","(ffo) Nombre de baignoire"
"ffo_bat_nb_douche","int4","10","√","","null","","","(ffo) Nombre de douche"
"ffo_bat_nb_niveau","int4","10","√","","null","","","(ffo) Nombre de niveau du bâtiment (ex: RDC = 1, R+1 = 2, etc..)"
"ffo_bat_nb_lavabo","int4","10","√","","null","","","(ffo) Nombre de lavabo"
"ffo_bat_nb_loc_burx","int4","10","√","","null","","","(ffo) Nombre de locaux présentant au moins un bureau déclaré"
"ffo_bat_nb_loc_com_sec","int4","10","√","","null","","","(ffo) Nombre de locaux d’activité secondaire"
"ffo_bat_nb_loc_com_ter","int4","10","√","","null","","","(ffo) Nombre de locaux d’activité tertiaire (commercial, bureau, etc.)"
"ffo_bat_nb_loc_hab","int4","10","√","","null","","","(ffo) Nombre de locaux d’habitation"
"ffo_bat_nb_log_loue","int4","10","√","","null","","","(ffo) Nombre de logements loués avec un bail classique"
"ffo_bat_nb_log_loue_meuble","int4","10","√","","null","","","(ffo) Nombre de logements loués meublés"
"ffo_bat_nb_log_loue_autre","int4","10","√","","null","","","(ffo) Nombre de logements loués à titre gratuit ou en bail rural"
"ffo_bat_nb_log_occ_prop","int4","10","√","","null","","","(ffo) Nombre de logements d’habitation occupés par le propriétaire"
"ffo_bat_nb_log_pevph","int4","10","√","","null","","","(ffo) Nombre de parties principales d’habitation dans les PEV"
"ffo_bat_nb_pev_pro","int4","10","√","","null","","","(ffo) Nombre de parties d’évaluation de type professionnel"
"ffo_bat_nb_piece_annexe","int4","10","√","","null","","","(ffo) Nombre de pièces annexes"
"ffo_bat_nb_piece_tx","int4","10","√","","null","","","(ffo) Nombre de pièces principales"
"ffo_bat_nb_piscine","int4","10","√","","null","","","nombre de piscine du local concerné par la transaction immobilière"
"ffo_bat_nb_sdb","int4","10","√","","null","","","(ffo) Nombre de salles d’eau"
"ffo_bat_nb_wc","int4","10","√","","null","","","(ffo) Nombre de WC"
"ffo_bat_s_dep_non_incorp","int4","10","√","","null","","","(ffo) Surface totale des dépendances (non intégrées au local) sur la parcelle (Utilisation de l’attribut dsudep, nul si npevd nul) m²"
"ffo_bat_s_loc_appt","int4","10","√","","null","","","(ffo) Somme des surfaces de locaux de type “appartement” m²"
"ffo_bat_s_loc_com","int4","10","√","","null","","","(ffo) Somme des surfaces de locaux de type commercial ou industriel m²"
"ffo_bat_s_loc_dep_incorp","int4","10","√","","null","","","(ffo) Somme des surfaces de locaux de type dépendance incorporés à des locaux m²"
"ffo_bat_s_loc_dep_non_incorp","int4","10","√","","null","","","(ffo) Somme des surfaces de locaux de type dépendance incorporés à la pev m²"
"ffo_bat_s_loc_hors_sol_avec_dep","int4","10","√","","null","","","Somme des surfaces de locaux, dépendances non inporporées incluses, par niveau en surface m²"
"ffo_bat_s_loc_hors_sol_non_dep_inc","int4","10","√","","null","","","Somme des surfaces de locaux, dépendances inporporées et non incorporées non incluses, par niveau en surface m²"
"ffo_bat_s_loc_hors_sol_non_dep","int4","10","√","","null","","","Somme des surfaces de locaux, dépendances non inporporées, par niveau en surface m²"
"ffo_bat_s_loc_mi","int4","10","√","","null","","","(ffo) Somme des surfaces de locaux de type “maison” m²"
"ffo_bat_s_loc_pro_princetdepcouv","int4","10","√","","null","","","(ffo) Surface des parties principales et secondaires couvertes du local professionnel m²"
"ffo_bat_s_log_hlm","int4","10","√","","null","","","(ffo) Surface de locaux de type social m²"
"ffo_bat_s_log_sem","int4","10","√","","null","","","(ffo) Surface de locaux de type logement SEM m²"
"ffo_bat_s_max_hors_sol_avec_dep","int4","10","√","","null","","","Maximum des surfaces de locaux, dépendances non incorporées incluses, par niveau en surface m²"
"ffo_bat_s_max_hors_sol_non_dep_inc","int4","10","√","","null","","","Maximum des surfaces de locaux, dépendances non incorporées non incluses, par niveau en surface m²"
"ffo_bat_s_max_hors_sol_non_dep","int4","10","√","","null","","","Maximum des surfaces de locaux, dépendances incorporées et non incorporées non incluses, par niveau en surface m²"
"ffo_bat_s_pev_dep","int4","10","√","","null","","","(ffo) Somme des surfaces de dépendance du bâtiment, calculé à partir des surfaces dsudep définies à l’échelle de la table pb60_pevdependance m²"
"ffo_bat_s_pev_pro","int4","10","√","","null","","","(ffo) Somme des surfaces de parties principales des PEV professionnelles du bâtiment, calculé à partir des surfaces dsup1 définies à l’échelle de la table pb50_pevprofessionnelle m²"
"ffo_bat_annee_construction","int4","10","√","","null","","","Année de construction du bâtiment"
"ffo_bat_emprise_sol_deduite","int4","10","√","","null","","","Emprise au sol déduite (brute), utilisée dans la méthodologie d’appariement des entrées bâtiments FF-BDTopo m²"
"ffo_bat_presence_ascenseur","bool","1","√","","null","","","(ffo) Présence d’ascenseur"
"ffo_bat_presence_bureau","bool","1","√","","null","","","(ffo) Présence de bureau"
"ffo_bat_presence_escalier","bool","1","√","","null","","","(ffo) Présence d’un escalier"
"ffo_bat_raccord_gaz","bool","1","√","","null","","","(ffo) Présence d’un raccordement au gaz"
"ffo_bat_presence_sous_sol","bool","1","√","","null","","","(ffo) Tous les locaux sont localisés en sous-sol"
"ffo_bat_presence_videordure","bool","1","√","","null","","","(ffo) Présence d’un système de vide-ordure"
"ffo_bat_usage_principal","text","2147483647","√","","null","","","Usage principal du bâtiment déterminé à partir des nombres de locaux par catégorie (DEPRECATED)"
"ffo_bat_usage_niveau_1","int4","10","√","","null","","","indicateur d’usage simplifié du batiment"
"ffo_bat_usage_niveau_1_txt","text","2147483647","√","","null","","","indicateurs d’usage simplifié du bâtiment (verbose)"
"ffo_bat_usage_niveau_2","int4","10","√","","null","","","indicateur d’usage un peu plus précis du batiment"
"ffo_bat_usage_niveau_2_txt","text","2147483647","√","","null","","","indicateur d’usage un peu plus précis du bâtiment (verbose)"
"ffo_bat_usage_niveau_3","int4","10","√","","null","","","indicateur d’usage précis du bâtiment"
"ffo_bat_usage_niveau_3_txt","text","2147483647","√","","null","","","indicateur d’usage précis du bâtiment (verbose)"
"ffo_bat_l_usage_niveau_1","_int4","10","√","","null","","","indicateur d’usage simplifié du batiment"
"ffo_bat_l_usage_niveau_1_txt","text","2147483647","√","","null","","","indicateurs d’usage simplifié du bâtiment (verbose)"
"ffo_bat_l_usage_niveau_2","_int4","10","√","","null","","","indicateur d’usage un peu plus précis du batiment"
"ffo_bat_l_usage_niveau_2_txt","text","2147483647","√","","null","","","indicateur d’usage un peu plus précis du bâtiment (verbose)"
"ffo_bat_l_usage_niveau_3","_int4","10","√","","null","","","indicateur d’usage précis du bâtiment"
"ffo_bat_l_usage_niveau_3_txt","text","2147483647","√","","null","","","indicateur d’usage précis du bâtiment (verbose)"
"ffo_bat_l_usage_mixite","_text","2147483647","√","","null","","","mixité des usages du batiment"
"ffo_bat_usage_mixite_global","text","2147483647","√","","null","","","mixité des usages du bâtiment simplifiée"
"ffo_bat_l_loc_dep_incorp","_text","2147483647","√","","null","","","liste des dépendances intégrées au bâtiment (traitement cstb des variables cconad : 1,2,3,4)"
"ffo_bat_l_loc_dep_non_incorp","_text","2147483647","√","","null","","","liste des dépendances non intégrées au bâtiment (traitement cstb de la variable cconad)"
"ffo_bat_l_loc_sec","_text","2147483647","√","","null","","","liste des usages des locaux secondaires (traitement cstb de la variable cconlc)"
"ffo_bat_l_loc_ter","_text","2147483647","√","","null","","","liste des usages des locaux tertiaire (traitement cstb des variables cconlc et typeact)"
"ffo_bat_l_code_naf","_text","2147483647","√","","null","","","(ffo) Liste des codes NAF"
"ffo_bat_l_code_naf_txt","_text","2147483647","√","","null","","","(ffo) Liste des libellés des codes NAF"
"ffo_bat_mat_mur_txt","text","2147483647","√","","null","","","(ffo) Matériaux principal des murs extérieurs"
"ffo_bat_mat_toit_txt","text","2147483647","√","","null","","","(ffo) Matériau principal des toitures"
"ffo_bat_nb_cave_dep_incorp","int4","10","√","","null","","","(ffo) Nombre de cave, comptées comme dépendances incorporées"
"ffo_bat_nb_garage_dep_incorp","int4","10","√","","null","","","(ffo) Nombre de garage, comptées comme dépendances incorporées"
"ffo_bat_nb_garpark","int4","10","√","","null","","","(ffo) Nombre de pièces annexes de type garages / parking"
"ffo_bat_nb_grenier_dep_incorp","int4","10","√","","null","","","(ffo) Nombre de greniers, comptées comme dépendances incorporées"
"ffo_bat_nb_loc","int4","10","√","","null","","","(ffo) Nombre de locaux nlocal"
"ffo_bat_nb_loc_appt","int4","10","√","","null","","","(ffo) Nombre de locaux de type appartement (nlocappt)"
"ffo_bat_nb_loc_com","int4","10","√","","null","","","(ffo) Nombre de locaux d’activité commerciale ou industrielle (nloccom)"
"ffo_bat_nb_loc_com_rdc","int4","10","√","","null","","","(ffo) Nombre de locaux d’activité secondaire ou tertiaire situés au rez de chaussée (Utilisation de nloccomrdc, l’attribut dteloc=4 et dniv=00)"
"ffo_bat_nb_loc_dep","int4","10","√","","null","","","(ffo) Nombre de locaux de type dépendances"
"ffo_bat_nb_loc_dep_incorp","int4","10","√","","null","","","(ffo) Nombre de dépendances incorporées dans un local de type autre (nlocdep)"
"ffo_bat_nb_loc_dep_non_incorp","int4","10","√","","null","","","(ffo) Nombre de dépendances (non intégrées au local) sur la parcelle (Source article 60 (pb60))"
"ffo_bat_nb_loc_maison","int4","10","√","","null","","","(ffo) Nombre de locaux de type maison (nlocmaison)"
"ffo_bat_nb_log","int4","10","√","","null","","","Nombre de logements dans le groupe de bâtiments"
"ffo_bat_nb_log_residence_principale","int4","10","√","","null","","","(ffo:logh/proba_rprs) Nombre de logements d’habitation (Utilisation du champ logh) estimés être de la résidence principale"
"ffo_bat_nb_log_residence_secondaire","int4","10","√","","null","","","(ffo:logh/proba_rprs) Nombre de logements d’habitation (Utilisation du champ logh) estimés être de la résidence secondaire"
"ffo_bat_nb_log_hlm","int4","10","√","","null","","","(ffo) Nombre de locaux de type logement HLM (utilisation des attributs loc.logh = ‘t’ AND loc.hlmsem = ‘5’)"
"ffo_bat_nb_log_sem","int4","10","√","","null","","","(ffo) Nombre de locaux de type logement SEM (utilisation des attributs loc.logh = ‘t’ AND loc.hlmsem = ‘6’)"
"ffo_bat_nb_log_soc","int4","10","√","","null","","","(ffo) Nombre de locaux de type logement sociaux, (utilisation des attributs loc.logh = ‘t’ AND loc.hlmsem = (‘5’,‘6’))"
"ffo_bat_nb_log_vac","int4","10","√","","null","","","(ffo) Nombre de logements d’habitation vacants (Somme du champ nloghvac)"
"ffo_bat_nb_piece_principale","int4","10","√","","null","","","Nombre de pièces principales de la résidence individuelle ou collective ayant muté. Cet indicateur est disponible lorsqu’une unique résidence individuelle ou collective a mutée."
"ffo_bat_nb_terrasse","int4","10","√","","null","","","(ffo) Nombre de terrasses (incorporées + annexes non incorporées)"
"ffo_bat_nb_terrasse_dep_incorp","int4","10","√","","null","","","(ffo) Nombre de dépendance incorporée de type “terrasse”"
"ffo_bat_s_cave_dep_incorp","int4","10","√","","null","","","(ffo) Surface réelle de l’élément incorporé (caves) m²"
"ffo_bat_s_dep_incorp","int4","10","√","","null","","","(ffo) Surface totale des éléments incorporés en m² (dsueic1+dsueic2+dsueic3+dsueic4) m²"
"ffo_bat_s_garage_dep_incorp","int4","10","√","","null","","","(ffo) Surface réelle de l’élément incorporé (garages) m²"
"ffo_bat_s_grenier_dep_incorp","int4","10","√","","null","","","(ffo) Surface réelle de l’élément incorporé (greniers) m²"
"ffo_bat_s_loc_com_rdc","int4","10","√","","null","","","(ffo) Somme des surfaces de locaux de type commercial ou industriel au rdc m²"
"ffo_bat_s_loc_com_sec","int4","10","√","","null","","","(ffo) Somme des surfaces de locaux de type “industriel” m²"
"ffo_bat_s_loc_com_ter","int4","10","√","","null","","","(ffo) Somme des surfaces de locaux de type “commercial” m²"
"ffo_bat_s_loc_dep","int4","10","√","","null","","","(ffo) Somme des surfaces de locaux de type dépendance m²"
"ffo_bat_s_loc_pro_tot","int4","10","√","","null","","","(ffo) Somme des surfaces des parties principales, secondaires couvertes ou non, stationnements couverts ou non (sprobati) m²"
"ffo_bat_s_loc_tot","int4","10","√","","null","","","(ffo) Somme de stoth, stotdsueic, stotd, sprincp, ssecp, sparkp, sparkncp (slocal) m²"
"ffo_bat_s_log","int4","10","√","","null","","","(ffo) Surface totale des pièces d’habitation (en m²) (Utilisation de l’attribut dsupdc, nul si npevph nul) m²"
"ffo_bat_s_log_residence_principale","int4","10","√","","null","","","(ffo) Surface totale des pièces d’habitation (Utilisation de l’attribut dsupdc, nul si npevph nul) des logements considérées comme des résidences principales m²"
"ffo_bat_s_log_residence_secondaire","int4","10","√","","null","","","(ffo) Surface totale des pièces d’habitation (Utilisation de l’attribut dsupdc, nul si npevph nul) des logements considérées comme des résidences secondaires m²"
"ffo_bat_s_log_soc","int4","10","√","","null","","","(ffo) Surface de locaux de type logement sociaux, version étendue (loc.logh = t AND loc.catpro2 = F1) m²"
"ffo_bat_s_terrasse_dep_incorp","int4","10","√","","null","","","(ffo) Surface réelle de l’élément incorporé (terrasses) m²"
"hthd_nb_pdl","numeric","17,3","√","","null","","","(hthd) Nombre total de PDL Arcep"
"hthd_l_type_pdl","_text","2147483647","√","","null","","","(hthd) Liste de type de bâtiment desservis par les PDL"
"hthd_l_nom_pdl","_text","2147483647","√","","null","","","(hthd) Liste des noms des points de livraisons centraux"
"ffo_loc_locaux_immeuble_dict","json","2147483647","√","","null","","","(ffo) locaux rattachés au batiment_groupe. Ceci est utile pour adjoindre ces données aux données d’entrée du pipeline de simulation sur le modèle de wall_dict.NE CONTIENT QUE LES LOCAUX DES IMMEUBLES COLLECTIFS D’HABITATION. le json stocké est une liste de locaux avec les valeurs ordonnées suivantes idlocal,idbat,loctype,dniv,s_loc_pro_hors_parking,stoth"""
"merimee_distance_batiment_historique_plus_proche","int2","5","√","","null","","","(mer) Distance au bâtiment historique le plus proche (si moins de 500m) m"
"merimee_nom_batiment_historique_plus_proche","text","2147483647","√","","null","","","(mer:tico) nom du bâtiment historique le plus proche"
"osm_building_l_fclass","_text","2147483647","√","","null","","",""
"osm_building_l_name","_text","2147483647","√","","null","","",""
"pie_l_usage_principal","_text","2147483647","√","","null","","","Liste des usages principaux définis dans la base du PIE"
"pie_l_usage_principal_detaille","_text","2147483647","√","","null","","","Liste des usages principaux détaillés définis dans la base du PIE"
"pie_erp","bool","1","√","","null","","","Le bâtiment est-il considéré comme pouvant recevoir du public ?"
"pie_l_designation_site","_text","2147483647","√","","null","","","Liste des désignation du site"
"pie_l_designation_batiment_terrain","_text","2147483647","√","","null","","","Liste des désignation des bâtiments"
"pie_l_occupant","_text","2147483647","√","","null","","","Liste des occupants"
"pie_l_ministere","_text","2147483647","√","","null","","","Listes des ministères affiliés"
"pie_l_libelle_occupant","_text","2147483647","√","","null","","","Liste des libéllés des occupants"
"pie_l_proprietaire","_text","2147483647","√","","null","","","Liste des propriétaires (abbrégés)"
"pie_l_libelle_proprietaire","_text","2147483647","√","","null","","","Liste des propriétaires (explicite)"
"pie_surface","numeric","0","√","","null","","","Estimation de la surface du bâtiment m²"
"pie_annee_construction","int4","10","√","","null","","","Année de construction du bâtiment"
"pie_etat_de_sante_minimal","varchar","17","√","","null","","","Etat de santé du bâtiment"
"pie_tri_dechets","bool","1","√","","null","","","Le bâtiment fait-il le tri des déchets"
"qpv_nom_quartier","text","2147483647","√","","null","","","Nom du quartier prioritaire dans lequel se trouve le bâtiment"
"radon_alea","text","2147483647","√","","null","","","(radon) alea du risque radon"
"rnc_numero_immat_principal","varchar","30","√","","null","","","numéro d’immatriculation principal associé au bâtiment groupe. (numéro d’immatriculation copropriété qui comporte le plus de lots)"
"rnc_periode_construction_max","text","2147483647","√","","null","","","(rnc) Période de construction du local le plus récent"
"rnc_l_annee_construction","_text","2147483647","√","","null","","","Liste des années de construction"
"rnc_nb_ascenseurs","numeric","0","√","","null","","","(rnc) 1 si probable presence d’ascenseur dans la copropriété"
"rnc_nb_classe_ener_a","numeric","0","√","","null","","","Nombre de logements avec un DPE énergie de classe A"
"rnc_nb_classe_ener_b","numeric","0","√","","null","","","Nombre de logements avec un DPE énergie de classe B"
"rnc_nb_classe_ener_c","numeric","0","√","","null","","","Nombre de logements ayant la classe DPE énergie C"
"rnc_nb_classe_ener_d","numeric","0","√","","null","","","Nombre de logements ayant la classe DPE énergie D"
"rnc_nb_classe_ener_e","numeric","0","√","","null","","","Nombre de logements ayant la classe DPE énergie E"
"rnc_nb_classe_ener_f","numeric","0","√","","null","","","Nombre de logements ayant la classe DPE énergie F"
"rnc_nb_classe_ener_g","numeric","0","√","","null","","","Nombre de logements ayant la classe DPE énergie G"
"rnc_nb_classe_ener_nc","numeric","0","√","","null","","","Nombre de logements ayant la classe DPE énergie NC"
"rnc_nb_lot_garpark","numeric","0","√","","null","","","Nombre de lots de stationnement"
"rnc_nb_lot_tot","numeric","0","√","","null","","","Nombre total de lots"
"rnc_nb_log","numeric","0","√","","null","","","Nombre de logements déclaré dans le registre national des copropriétés pour le groupe de bâtiments"
"rnc_nb_lot_tertiaire","numeric","0","√","","null","","","Nombre de lots de type bureau et commerce"
"rnc_l_nom_copro","_text","2147483647","√","","null","","","(rnc) liste des noms des copropriétés"
"rnc_l_type_chauffage","_text","2147483647","√","","null","","","(rnc) Mode de chauffage"
"rnc_chauffage_collectif_urbain","bool","1","√","","null","","","(rnc) Présence d’un chauffage collectif urbain ?"
"rnc_l_energie_chauffage_collectif","_text","2147483647","√","","null","","","(rnc) énergie du chauffage collectif (non urbain)"
"rnc_l_siret","_text","2147483647","√","","null","","","liste de siret"
"rnc_copro_dans_pvd","bool","1","√","","null","","","(rnc) au moins une des coproprietés est dans le programme petites villes de demain"
"rpls_rpls_open","bool","1","√","","null","","","True si tous les logements integrés sont en open"
"rpls_nb_classe_ener_a","numeric","0","√","","null","","","Nombre de logements avec un DPE énergie de classe A"
"rpls_nb_classe_ener_b","numeric","0","√","","null","","","Nombre de logements avec un DPE énergie de classe B"
"rpls_nb_classe_ener_c","numeric","0","√","","null","","","Nombre de logements ayant la classe DPE énergie C"
"rpls_nb_classe_ener_d","numeric","0","√","","null","","","Nombre de logements ayant la classe DPE énergie D"
"rpls_nb_classe_ener_e","numeric","0","√","","null","","","Nombre de logements ayant la classe DPE énergie E"
"rpls_nb_classe_ener_f","numeric","0","√","","null","","","Nombre de logements ayant la classe DPE énergie F"
"rpls_nb_classe_ener_g","numeric","0","√","","null","","","Nombre de logements ayant la classe DPE énergie G"
"rpls_nb_classe_ener_nc","numeric","0","√","","null","","","Nombre de logements ayant la classe DPE énergie NC"
"rpls_classe_ener_principale","text","2147483647","√","","null","","","(rpls) classe DPE énergie principale"
"rpls_nb_classe_ges_a","numeric","0","√","","null","","","(rpls) Nombre de logements ayant la classe DPE climat A"
"rpls_nb_classe_ges_b","numeric","0","√","","null","","","(rpls) Nombre de logements ayant la classe DPE climat B"
"rpls_nb_classe_ges_c","numeric","0","√","","null","","","(rpls) Nombre de logements ayant la classe DPE climat C"
"rpls_nb_classe_ges_d","numeric","0","√","","null","","","(rpls) Nombre de logements ayant la classe DPE climat D"
"rpls_nb_classe_ges_e","numeric","0","√","","null","","","(rpls) Nombre de logements ayant la classe DPE climat E"
"rpls_nb_classe_ges_f","numeric","0","√","","null","","","(rpls) Nombre de logements ayant la classe DPE climat F"
"rpls_nb_classe_ges_g","numeric","0","√","","null","","","(rpls) Nombre de logements ayant la classe DPE climat G"
"rpls_nb_classe_ges_nc","numeric","0","√","","null","","","(rpls) Nombre de logements ayant la classe DPE climat NC"
"rpls_classe_ges_principale","text","2147483647","√","","null","","","(rpls) classe DPE climat principale"
"rpls_accessible_pmr","bool","1","√","","null","","","(rpls) Présence d’au moins un logement PMR"
"rpls_dans_qpv","bool","1","√","","null","","","(rpls) Immeuble dans un QPV"
"rpls_l_annee_construction","_text","2147483647","√","","null","","","Liste des années de construction"
"rpls_l_ident_org","_text","2147483647","√","","null","","","(rpls) Identifiant de l’organisme bailleur"
"rpls_l_raison_sociale","_text","2147483647","√","","null","","","(rpls) Raisons sociales des Bailleurs"
"rpls_raison_sociale_principal","text","2147483647","√","","null","","","(rpls) Raison sociale principal au niveau batiment_groupe"
"rpls_loyer_moyen","numeric","0","√","","null","","","(rpls) Loyer moyen, tous usages confondus"
"rpls_loyer_moyen_m2","numeric","10,1","√","","null","","","(rpls) Loyer moyen au m² €/m²"
"rpls_nb_loc_assoc","numeric","0","√","","null","","","(rpls) Nombre de locaux associatifs"
"rpls_nb_log_loue","numeric","0","√","","null","","","(ffo) Nombre de logements loués avec un bail classique"
"rpls_nb_log_vac","numeric","0","√","","null","","","(ffo) Nombre de logements d’habitation vacants (Somme du champ nloghvac)"
"rpls_l_bat_nom","_text","2147483647","√","","null","","","(rpls) Nom du bâtiment"
"rpls_l_cat_org","_text","2147483647","√","","null","","","(rpls) Catégories des organismes bailleurs"
"rpls_l_siret","_text","2147483647","√","","null","","","liste de siret"
"rpls_siret_principal","text","2147483647","√","","null","","","(rpls) SIRET"
"rpls_nb_log","numeric","0","√","","null","","","Nombre de logements sociaux déclaré dans le RPLS pour le groupe de bâtiments"
"rpls_s_log_hab","numeric","0","√","","null","","","(rpls) Surface de logements d’habitation m²"
"rpls_type_construction","_text","2147483647","√","","null","","","(rpls) Type de construction"
"id_reseau","varchar","2147483647","√","","null","","","(France chaleur urbaine) Identifiant national du réseau."
"potentiel_raccordement_reseau_chaleur","varchar","2147483647","√","","null","","","Indicateur de potentiel de raccordement au réseau de chaleur. L’indicateur dépend de la distance entre le bâtiment et le réseau et du type de circuit de chauffage existant du bâtiment. Enfin, si le bâtiment est déjà raccordé alors il est indiqué comme tel."
"potentiel_obligation_raccordement","varchar","2147483647","√","","null","","","Indique si le bâtiment est éventuellement dans l’obligation de se raccorder lors de certains travaux de rénovation. Pour que potentiel_obligation_raccordement soit possible, le bâtiment doit être situé à moins de 100m d’un réseau classé et son système de chauffage indiqué comme collectif. Attention, cet indicateur n’est qu’à titre d’information."
"indicateur_systeme_chauffage","varchar","2147483647","√","","null","","","Indication sur le système de chauffage en vue d’un potentiel raccordement au réseau de chaleur"
"indicateur_distance_au_reseau","varchar","2147483647","√","","null","","","Indication sur la distance entre le bâtiment et le point au réseau de chaleur le plus proche en vue d’un potentiel raccordement au réseau."
"consommation_chaleur_par_rapport_distance_au_reseau","varchar","2147483647","√","","null","","","Indication sur la consommation de chaleur du bâtiment et sa distance au réseau. Plus un bâtiment consomme plus celui-ci peut être éloigné du réseau et malgré tout être raccordé. Ici, si la distance entre le bâtiment et le réseau est suffisamment proche par rapport à sa consommation, la consommation est noté ‘suffisante’, sinon elle est notée ‘trop faible’."